name,proddate,idno,cntry,trstlgl,trstplc,trstplt,trstsci,lrscale,gincdif,imwbcnt,ccrdprs
ESS10e03_3,2122025,10003,FI,5,5,5,7,5,7.5,6,5
ESS10e03_3,2122025,10004,FI,8,8,3,8,4,7.5,8,9
ESS10e03_3,2122025,10017,FI,5,9,2,8,6,7.5,5,9
ESS10e03_3,2122025,10018,FI,8,9,6,7,7,7.5,6,0
ESS10e03_3,2122025,10044,FI,9,9,6,6,5,7.5,10,10
ESS10e03_3,2122025,10048,FI,9,8,7,9,3,5.0,8,7
ESS10e03_3,2122025,10053,FI,7,8,0,4,10,7.5,2,0
ESS10e03_3,2122025,10055,FI,8,9,3,7,5,2.5,5,3
ESS10e03_3,2122025,10059,FI,7,8,3,8,5,2.5,7,9
ESS10e03_3,2122025,10072,FI,9,9,7,7,7,7.5,9,8
ESS10e03_3,2122025,10077,FI,8,8,7,8,5,7.5,3,8
ESS10e03_3,2122025,10104,FI,8,8,5,8,6,7.5,5,7
ESS10e03_3,2122025,10107,FI,8,8,6,8,6,7.5,5,7
ESS10e03_3,2122025,10112,FI,5,9,6,7,5,10.0,3,9
ESS10e03_3,2122025,10114,FI,4,8,1,7,5,10.0,10,10
ESS10e03_3,2122025,10141,FI,9,10,8,10,7,7.5,8,7
ESS10e03_3,2122025,10180,FI,8,10,5,7,3,7.5,5,
ESS10e03_3,2122025,10183,FI,9,9,7,10,8,7.5,10,10
ESS10e03_3,2122025,10185,FI,6,6,5,7,,7.5,6,6
ESS10e03_3,2122025,10186,FI,8,9,2,9,3,7.5,8,10
ESS10e03_3,2122025,10219,FI,7,9,8,9,3,7.5,8,5
ESS10e03_3,2122025,10230,FI,9,10,7,10,4,7.5,7,8
ESS10e03_3,2122025,10245,FI,6,8,4,8,7,2.5,4,2
ESS10e03_3,2122025,10262,FI,8,10,0,8,5,7.5,5,5
ESS10e03_3,2122025,10268,FI,7,9,6,8,6,7.5,7,7
ESS10e03_3,2122025,10271,FI,0,8,0,8,5,10.0,5,8
ESS10e03_3,2122025,10279,FI,8,9,6,8,6,5.0,7,7
ESS10e03_3,2122025,10283,FI,9,8,8,9,0,10.0,6,9
ESS10e03_3,2122025,10298,FI,8,10,5,9,6,10.0,4,6
ESS10e03_3,2122025,10300,FI,10,10,8,6,4,5.0,8,8
ESS10e03_3,2122025,10302,FI,8,7,7,8,5,5.0,7,8
ESS10e03_3,2122025,10313,FI,7,9,7,9,9,7.5,4,8
ESS10e03_3,2122025,10320,FI,9,9,7,9,8,5.0,5,7
ESS10e03_3,2122025,10328,FI,7,9,4,7,0,5.0,5,2
ESS10e03_3,2122025,10329,FI,10,10,7,9,3,7.5,6,9
ESS10e03_3,2122025,10333,FI,6,7,6,9,4,10.0,7,3
ESS10e03_3,2122025,10340,FI,8,9,6,9,6,5.0,3,9
ESS10e03_3,2122025,10372,FI,5,10,7,8,3,7.5,9,9
ESS10e03_3,2122025,10379,FI,9,9,7,8,7,2.5,7,3
ESS10e03_3,2122025,10398,FI,8,9,5,9,8,2.5,5,5
ESS10e03_3,2122025,10421,FI,8,10,5,7,4,10.0,2,5
ESS10e03_3,2122025,10432,FI,7,9,6,8,5,7.5,6,9
ESS10e03_3,2122025,10443,FI,8,8,7,9,6,7.5,8,10
ESS10e03_3,2122025,10445,FI,6,6,1,6,,5.0,5,6
ESS10e03_3,2122025,10454,FI,2,5,0,4,0,10.0,10,2
ESS10e03_3,2122025,10460,FI,8,9,4,8,7,7.5,7,9
ESS10e03_3,2122025,10465,FI,7,7,5,5,7,7.5,5,8
ESS10e03_3,2122025,10482,FI,1,3,1,4,5,7.5,5,5
ESS10e03_3,2122025,10484,FI,7,8,4,7,5,7.5,5,7
ESS10e03_3,2122025,10488,FI,2,9,5,9,5,10.0,5,3
ESS10e03_3,2122025,10490,FI,9,9,5,9,6,5.0,8,9
ESS10e03_3,2122025,10542,FI,9,9,6,8,5,2.5,5,8
ESS10e03_3,2122025,10552,FI,5,3,4,8,0,10.0,5,8
ESS10e03_3,2122025,10557,FI,9,9,6,10,6,7.5,5,
ESS10e03_3,2122025,10561,FI,10,9,8,9,9,2.5,9,9
ESS10e03_3,2122025,10566,FI,5,5,5,8,4,7.5,8,0
ESS10e03_3,2122025,10573,FI,4,7,2,6,1,7.5,4,6
ESS10e03_3,2122025,10574,FI,8,9,7,8,2,7.5,8,6
ESS10e03_3,2122025,10575,FI,8,8,4,8,5,7.5,5,9
ESS10e03_3,2122025,10580,FI,7,9,4,6,10,5.0,5,10
ESS10e03_3,2122025,10598,FI,10,10,10,10,9,0.0,5,10
ESS10e03_3,2122025,10599,FI,8,9,2,8,8,10.0,8,5
ESS10e03_3,2122025,10616,FI,9,9,8,9,4,2.5,5,10
ESS10e03_3,2122025,10627,FI,8,8,6,9,1,10.0,5,10
ESS10e03_3,2122025,10634,FI,9,9,7,7,1,7.5,8,9
ESS10e03_3,2122025,10640,FI,9,10,7,10,8,2.5,5,10
ESS10e03_3,2122025,10648,FI,4,4,4,6,1,10.0,8,9
ESS10e03_3,2122025,10664,FI,9,9,5,9,5,7.5,5,10
ESS10e03_3,2122025,10684,FI,2,6,5,7,2,10.0,7,0
ESS10e03_3,2122025,10687,FI,9,9,6,8,8,5.0,7,8
ESS10e03_3,2122025,10699,FI,6,7,5,7,6,7.5,3,4
ESS10e03_3,2122025,10703,FI,7,8,4,8,6,7.5,3,2
ESS10e03_3,2122025,10712,FI,10,10,8,9,7,7.5,7,9
ESS10e03_3,2122025,10724,FI,8,9,4,8,4,7.5,7,7
ESS10e03_3,2122025,10735,FI,8,8,6,8,2,7.5,5,9
ESS10e03_3,2122025,10766,FI,8,9,6,7,8,5.0,6,7
ESS10e03_3,2122025,10783,FI,9,7,6,9,1,10.0,9,10
ESS10e03_3,2122025,10784,FI,9,9,6,8,7,5.0,6,10
ESS10e03_3,2122025,10795,FI,8,9,6,9,2,7.5,5,7
ESS10e03_3,2122025,10812,FI,6,9,4,9,7,10.0,4,8
ESS10e03_3,2122025,10828,FI,8,8,6,7,6,7.5,5,9
ESS10e03_3,2122025,10865,FI,6,8,4,9,5,0.0,5,8
ESS10e03_3,2122025,10875,FI,8,9,2,7,8,10.0,2,7
ESS10e03_3,2122025,10892,FI,6,6,7,8,5,7.5,5,8
ESS10e03_3,2122025,10897,FI,2,10,2,8,5,10.0,3,6
ESS10e03_3,2122025,10901,FI,2,3,3,4,5,5.0,4,6
ESS10e03_3,2122025,10908,FI,9,9,7,9,8,5.0,6,8
ESS10e03_3,2122025,10913,FI,9,9,7,9,10,10.0,7,7
ESS10e03_3,2122025,10928,FI,6,8,6,8,5,7.5,9,7
ESS10e03_3,2122025,10958,FI,9,8,7,8,6,5.0,9,9
ESS10e03_3,2122025,10974,FI,7,7,4,5,8,5.0,7,6
ESS10e03_3,2122025,10998,FI,7,10,8,5,2,7.5,2,6
ESS10e03_3,2122025,11021,FI,9,9,6,9,8,2.5,6,8
ESS10e03_3,2122025,11039,FI,10,10,7,8,3,,6,10
ESS10e03_3,2122025,11047,FI,10,10,6,8,9,10.0,7,6
ESS10e03_3,2122025,11058,FI,7,8,7,7,8,7.5,5,8
ESS10e03_3,2122025,11065,FI,7,8,4,3,,10.0,5,4
ESS10e03_3,2122025,11070,FI,9,9,6,8,8,2.5,7,7
ESS10e03_3,2122025,11105,FI,8,9,6,9,7,7.5,5,7
ESS10e03_3,2122025,11120,FI,3,8,5,7,1,7.5,8,8
ESS10e03_3,2122025,11128,FI,9,10,8,10,6,5.0,9,9
ESS10e03_3,2122025,11130,FI,6,9,4,10,2,10.0,5,7
ESS10e03_3,2122025,11131,FI,1,9,0,0,6,10.0,3,0
ESS10e03_3,2122025,11135,FI,7,7,5,8,0,10.0,9,8
ESS10e03_3,2122025,11139,FI,6,8,4,8,8,10.0,4,5
ESS10e03_3,2122025,11146,FI,8,9,8,9,6,2.5,7,1
ESS10e03_3,2122025,11164,FI,5,9,3,8,6,7.5,4,6
ESS10e03_3,2122025,11174,FI,8,9,5,6,5,7.5,5,8
ESS10e03_3,2122025,11183,FI,9,9,8,9,6,7.5,7,7
ESS10e03_3,2122025,11195,FI,9,9,8,9,8,5.0,8,9
ESS10e03_3,2122025,11205,FI,7,8,5,7,8,5.0,7,7
ESS10e03_3,2122025,11216,FI,8,9,6,9,3,10.0,7,7
ESS10e03_3,2122025,11227,FI,10,10,7,6,8,5.0,3,1
ESS10e03_3,2122025,11232,FI,7,10,3,9,8,7.5,3,8
ESS10e03_3,2122025,11237,FI,6,6,3,8,5,7.5,7,5
ESS10e03_3,2122025,11251,FI,8,8,8,10,10,2.5,5,3
ESS10e03_3,2122025,11269,FI,8,9,7,9,4,7.5,8,9
ESS10e03_3,2122025,11271,FI,9,9,7,9,5,7.5,9,8
ESS10e03_3,2122025,11298,FI,8,9,3,8,5,7.5,6,6
ESS10e03_3,2122025,11328,FI,8,9,7,9,5,5.0,5,7
ESS10e03_3,2122025,11365,FI,8,9,5,9,5,10.0,3,8
ESS10e03_3,2122025,11368,FI,9,8,5,9,8,5.0,6,7
ESS10e03_3,2122025,11375,FI,6,8,2,6,7,10.0,4,6
ESS10e03_3,2122025,11386,FI,3,8,2,7,5,10.0,4,5
ESS10e03_3,2122025,11387,FI,10,10,8,10,9,7.5,5,9
ESS10e03_3,2122025,11422,FI,9,9,7,8,9,7.5,5,8
ESS10e03_3,2122025,11424,FI,10,10,6,9,9,10.0,9,10
ESS10e03_3,2122025,11429,FI,7,10,7,9,9,2.5,5,7
ESS10e03_3,2122025,11431,FI,10,10,8,9,7,5.0,5,0
ESS10e03_3,2122025,11432,FI,10,8,7,7,8,5.0,6,8
ESS10e03_3,2122025,11433,FI,6,8,6,8,6,10.0,7,2
ESS10e03_3,2122025,11451,FI,8,9,6,8,5,7.5,3,5
ESS10e03_3,2122025,11469,FI,5,7,5,7,5,7.5,7,8
ESS10e03_3,2122025,11487,FI,9,8,7,9,3,10.0,8,8
ESS10e03_3,2122025,11491,FI,7,7,4,7,8,10.0,5,5
ESS10e03_3,2122025,11495,FI,5,7,3,7,4,2.5,4,7
ESS10e03_3,2122025,11503,FI,6,9,5,7,8,7.5,3,8
ESS10e03_3,2122025,11509,FI,1,5,1,8,5,7.5,4,5
ESS10e03_3,2122025,11521,FI,8,9,5,9,7,7.5,5,8
ESS10e03_3,2122025,11526,FI,8,8,6,7,6,5.0,7,6
ESS10e03_3,2122025,11542,FI,7,9,6,8,7,5.0,7,7
ESS10e03_3,2122025,11552,FI,10,10,3,7,5,0.0,1,6
ESS10e03_3,2122025,11573,FI,3,7,1,7,7,7.5,4,6
ESS10e03_3,2122025,11590,FI,9,10,5,9,6,2.5,4,3
ESS10e03_3,2122025,11621,FI,8,9,6,9,8,7.5,8,8
ESS10e03_3,2122025,11630,FI,9,10,8,9,8,2.5,5,6
ESS10e03_3,2122025,11635,FI,7,8,4,6,4,10.0,3,6
ESS10e03_3,2122025,11642,FI,6,8,2,8,8,10.0,5,7
ESS10e03_3,2122025,11647,FI,9,9,5,7,8,7.5,6,9
ESS10e03_3,2122025,11649,FI,8,9,7,8,9,7.5,7,8
ESS10e03_3,2122025,11668,FI,4,6,4,7,7,7.5,3,3
ESS10e03_3,2122025,11672,FI,1,6,8,9,6,10.0,3,3
ESS10e03_3,2122025,11715,FI,6,8,3,2,5,10.0,4,1
ESS10e03_3,2122025,11716,FI,5,6,3,6,3,7.5,3,5
ESS10e03_3,2122025,11720,FI,9,9,7,10,3,5.0,5,7
ESS10e03_3,2122025,11724,FI,10,10,9,9,5,5.0,7,9
ESS10e03_3,2122025,11729,FI,8,9,5,9,5,2.5,5,3
ESS10e03_3,2122025,11734,FI,6,7,6,7,5,7.5,5,8
ESS10e03_3,2122025,11738,FI,9,8,7,8,6,10.0,9,6
ESS10e03_3,2122025,11752,FI,8,8,7,9,6,7.5,9,7
ESS10e03_3,2122025,11754,FI,5,5,3,7,3,10.0,8,8
ESS10e03_3,2122025,11779,FI,6,9,6,8,6,7.5,6,5
ESS10e03_3,2122025,11780,FI,8,8,4,8,4,7.5,7,9
ESS10e03_3,2122025,11786,FI,9,9,7,10,7,2.5,8,8
ESS10e03_3,2122025,11810,FI,9,10,4,9,6,5.0,3,2
ESS10e03_3,2122025,11813,FI,8,10,7,10,8,7.5,8,8
ESS10e03_3,2122025,11818,FI,6,8,7,8,5,5.0,5,7
ESS10e03_3,2122025,11819,FI,8,10,5,8,8,2.5,0,9
ESS10e03_3,2122025,11850,FI,9,8,6,9,5,7.5,10,10
ESS10e03_3,2122025,11854,FI,9,9,6,8,5,7.5,7,8
ESS10e03_3,2122025,11860,FI,9,8,4,8,6,5.0,7,7
ESS10e03_3,2122025,11867,FI,8,9,6,8,9,2.5,3,3
ESS10e03_3,2122025,11868,FI,8,9,5,7,7,5.0,5,8
ESS10e03_3,2122025,11874,FI,7,9,6,8,5,7.5,6,3
ESS10e03_3,2122025,11884,FI,8,10,6,8,3,7.5,7,9
ESS10e03_3,2122025,11911,FI,4,6,2,3,8,7.5,2,7
ESS10e03_3,2122025,11922,FI,8,9,7,9,7,7.5,5,4
ESS10e03_3,2122025,11928,FI,1,2,0,6,0,10.0,7,0
ESS10e03_3,2122025,11938,FI,7,8,7,9,4,7.5,5,8
ESS10e03_3,2122025,11944,FI,8,9,5,7,5,7.5,5,8
ESS10e03_3,2122025,11956,FI,9,9,7,9,6,2.5,8,8
ESS10e03_3,2122025,11962,FI,8,7,6,8,7,7.5,7,8
ESS10e03_3,2122025,11970,FI,9,10,4,9,4,2.5,8,10
ESS10e03_3,2122025,11973,FI,8,9,6,5,5,5.0,5,7
ESS10e03_3,2122025,11974,FI,8,7,7,8,2,7.5,8,10
ESS10e03_3,2122025,11982,FI,5,7,5,6,6,7.5,5,5
ESS10e03_3,2122025,11989,FI,9,9,7,9,3,7.5,8,10
ESS10e03_3,2122025,12008,FI,6,7,6,7,5,5.0,2,6
ESS10e03_3,2122025,12030,FI,10,8,8,9,,7.5,7,10
ESS10e03_3,2122025,12064,FI,7,9,3,8,7,5.0,5,10
ESS10e03_3,2122025,12068,FI,9,7,6,9,8,2.5,7,8
ESS10e03_3,2122025,12111,FI,7,9,7,,6,5.0,7,
ESS10e03_3,2122025,12117,FI,9,9,8,8,10,2.5,2,7
ESS10e03_3,2122025,12118,FI,8,9,5,7,5,5.0,5,9
ESS10e03_3,2122025,12119,FI,8,9,5,8,1,10.0,8,9
ESS10e03_3,2122025,12123,FI,7,7,5,6,4,7.5,8,8
ESS10e03_3,2122025,12125,FI,9,9,7,9,10,2.5,4,3
ESS10e03_3,2122025,12136,FI,7,9,6,7,5,7.5,7,8
ESS10e03_3,2122025,12142,FI,4,8,2,9,7,2.5,5,2
ESS10e03_3,2122025,12157,FI,9,9,7,9,5,7.5,6,5
ESS10e03_3,2122025,12165,FI,4,7,4,8,5,7.5,,8
ESS10e03_3,2122025,12173,FI,8,9,8,6,5,7.5,7,7
ESS10e03_3,2122025,12178,FI,10,9,8,9,8,7.5,7,9
ESS10e03_3,2122025,12200,FI,9,8,7,8,3,7.5,8,9
ESS10e03_3,2122025,12201,FI,7,8,3,6,5,7.5,4,6
ESS10e03_3,2122025,12216,FI,9,10,8,9,9,7.5,7,3
ESS10e03_3,2122025,12246,FI,4,6,2,7,5,10.0,2,2
ESS10e03_3,2122025,12250,FI,8,8,6,7,3,7.5,8,9
ESS10e03_3,2122025,12254,FI,8,9,7,9,3,7.5,7,9
ESS10e03_3,2122025,12256,FI,7,8,4,8,4,7.5,7,8
ESS10e03_3,2122025,12262,FI,9,10,7,10,4,5.0,7,8
ESS10e03_3,2122025,12291,FI,9,9,7,9,5,7.5,4,7
ESS10e03_3,2122025,12335,FI,7,8,3,4,4,7.5,5,5
ESS10e03_3,2122025,12366,FI,10,9,5,8,7,10.0,5,10
ESS10e03_3,2122025,12375,FI,8,8,7,9,5,5.0,8,10
ESS10e03_3,2122025,12418,FI,9,8,7,9,3,10.0,8,10
ESS10e03_3,2122025,12424,FI,8,8,7,9,5,7.5,8,7
ESS10e03_3,2122025,12476,FI,2,6,1,0,8,7.5,2,6
ESS10e03_3,2122025,12479,FI,9,9,8,9,8,5.0,5,7
ESS10e03_3,2122025,12503,FI,10,10,7,10,7,10.0,5,10
ESS10e03_3,2122025,12571,FI,9,9,8,9,6,7.5,7,7
ESS10e03_3,2122025,12574,FI,8,9,8,10,10,2.5,4,9
ESS10e03_3,2122025,12585,FI,9,8,7,8,9,2.5,6,7
ESS10e03_3,2122025,12602,FI,7,8,5,8,5,10.0,4,7
ESS10e03_3,2122025,12626,FI,9,9,1,8,,5.0,5,5
ESS10e03_3,2122025,12634,FI,9,9,7,9,10,7.5,8,8
ESS10e03_3,2122025,12676,FI,8,9,5,8,2,10.0,5,8
ESS10e03_3,2122025,12705,FI,10,7,6,7,8,5.0,8,10
ESS10e03_3,2122025,12717,FI,6,8,4,8,2,7.5,,3
ESS10e03_3,2122025,12723,FI,8,10,5,9,5,7.5,5,6
ESS10e03_3,2122025,12734,FI,9,9,8,9,3,7.5,9,9
ESS10e03_3,2122025,12735,FI,9,9,5,7,5,10.0,5,8
ESS10e03_3,2122025,12768,FI,8,9,5,9,3,7.5,5,8
ESS10e03_3,2122025,12779,FI,9,9,6,8,4,5.0,7,9
ESS10e03_3,2122025,12781,FI,9,10,6,10,5,5.0,8,1
ESS10e03_3,2122025,12783,FI,8,8,5,8,,7.5,5,7
ESS10e03_3,2122025,12788,FI,7,7,5,7,8,5.0,7,7
ESS10e03_3,2122025,12792,FI,8,10,6,4,9,0.0,5,9
ESS10e03_3,2122025,12803,FI,8,9,6,7,8,10.0,6,6
ESS10e03_3,2122025,12848,FI,9,10,8,9,3,7.5,6,8
ESS10e03_3,2122025,12865,FI,7,8,6,6,2,5.0,6,7
ESS10e03_3,2122025,12870,FI,8,8,6,8,6,10.0,8,8
ESS10e03_3,2122025,12880,FI,10,9,6,8,8,5.0,7,5
ESS10e03_3,2122025,12884,FI,9,9,7,6,4,10.0,8,6
ESS10e03_3,2122025,12900,FI,9,5,5,9,9,5.0,5,8
ESS10e03_3,2122025,12902,FI,9,7,8,8,8,10.0,8,10
ESS10e03_3,2122025,12910,FI,6,8,3,6,6,7.5,2,0
ESS10e03_3,2122025,12915,FI,8,9,5,6,0,7.5,4,3
ESS10e03_3,2122025,12920,FI,8,9,5,9,8,5.0,8,10
ESS10e03_3,2122025,12930,FI,8,8,7,8,5,7.5,6,6
ESS10e03_3,2122025,12931,FI,7,9,2,7,7,7.5,8,3
ESS10e03_3,2122025,12946,FI,6,7,3,9,10,2.5,9,8
ESS10e03_3,2122025,12951,FI,,9,4,,,5.0,5,2
ESS10e03_3,2122025,12961,FI,8,8,5,7,5,5.0,5,5
ESS10e03_3,2122025,12969,FI,10,9,6,9,6,7.5,8,9
ESS10e03_3,2122025,12973,FI,8,8,7,9,6,7.5,5,8
ESS10e03_3,2122025,12974,FI,10,10,7,10,8,10.0,10,10
ESS10e03_3,2122025,12983,FI,8,9,0,9,7,2.5,9,10
ESS10e03_3,2122025,13003,FI,6,4,5,7,2,10.0,7,8
ESS10e03_3,2122025,13005,FI,9,9,5,9,8,2.5,7,7
ESS10e03_3,2122025,13012,FI,9,8,5,8,8,7.5,6,8
ESS10e03_3,2122025,13017,FI,10,10,6,9,9,7.5,5,4
ESS10e03_3,2122025,13019,FI,8,9,7,8,6,7.5,5,7
ESS10e03_3,2122025,13020,FI,10,10,,5,,5.0,,
ESS10e03_3,2122025,13031,FI,5,7,4,6,8,7.5,1,7
ESS10e03_3,2122025,13032,FI,9,10,6,8,5,10.0,5,6
ESS10e03_3,2122025,13039,FI,7,7,2,8,8,7.5,9,6
ESS10e03_3,2122025,13041,FI,9,9,4,9,8,2.5,4,5
ESS10e03_3,2122025,13103,FI,8,8,6,8,7,7.5,7,9
ESS10e03_3,2122025,13108,FI,8,10,6,8,8,7.5,6,7
ESS10e03_3,2122025,13117,FI,4,6,5,7,5,10.0,5,3
ESS10e03_3,2122025,13127,FI,8,10,5,6,,5.0,6,6
ESS10e03_3,2122025,13141,FI,7,3,6,8,1,10.0,8,9
ESS10e03_3,2122025,13142,FI,10,10,6,5,10,2.5,,5
ESS10e03_3,2122025,13165,FI,10,10,8,10,4,5.0,5,10
ESS10e03_3,2122025,13187,FI,7,7,6,6,5,7.5,5,5
ESS10e03_3,2122025,13192,FI,8,8,4,8,6,7.5,5,8
ESS10e03_3,2122025,13199,FI,9,9,7,6,6,7.5,6,9
ESS10e03_3,2122025,13232,FI,9,9,7,9,2,10.0,7,9
ESS10e03_3,2122025,13260,FI,8,9,7,8,8,7.5,4,7
ESS10e03_3,2122025,13282,FI,5,5,4,7,2,7.5,8,7
ESS10e03_3,2122025,13288,FI,8,8,3,7,7,5.0,7,10
ESS10e03_3,2122025,13298,FI,9,9,5,5,5,7.5,8,8
ESS10e03_3,2122025,13303,FI,9,9,7,7,10,5.0,5,6
ESS10e03_3,2122025,13334,FI,10,9,8,9,7,5.0,8,8
ESS10e03_3,2122025,13346,FI,4,8,0,9,1,2.5,0,2
ESS10e03_3,2122025,13350,FI,8,9,6,4,3,7.5,7,9
ESS10e03_3,2122025,13371,FI,8,9,7,8,3,7.5,9,10
ESS10e03_3,2122025,13373,FI,7,8,5,8,5,10.0,5,9
ESS10e03_3,2122025,13381,FI,9,8,5,7,4,7.5,5,8
ESS10e03_3,2122025,13384,FI,5,9,6,8,7,10.0,3,4
ESS10e03_3,2122025,13405,FI,9,9,8,9,3,7.5,8,8
ESS10e03_3,2122025,13408,FI,7,8,7,8,9,7.5,7,9
ESS10e03_3,2122025,13423,FI,10,10,6,9,9,2.5,5,7
ESS10e03_3,2122025,13427,FI,2,8,6,8,4,7.5,0,2
ESS10e03_3,2122025,13441,FI,4,9,3,9,5,7.5,5,1
ESS10e03_3,2122025,13443,FI,8,8,7,9,5,2.5,5,5
ESS10e03_3,2122025,13459,FI,7,8,6,9,3,7.5,8,10
ESS10e03_3,2122025,13464,FI,8,8,7,9,8,7.5,7,8
ESS10e03_3,2122025,13473,FI,8,9,7,9,5,10.0,4,8
ESS10e03_3,2122025,13485,FI,6,8,3,6,7,7.5,3,6
ESS10e03_3,2122025,13497,FI,9,8,6,9,7,7.5,9,8
ESS10e03_3,2122025,13500,FI,9,8,4,7,3,5.0,2,3
ESS10e03_3,2122025,13508,FI,6,6,5,5,3,7.5,3,7
ESS10e03_3,2122025,13510,FI,3,7,5,7,2,2.5,5,6
ESS10e03_3,2122025,13530,FI,9,9,7,9,5,7.5,4,9
ESS10e03_3,2122025,13531,FI,5,7,4,10,,7.5,6,0
ESS10e03_3,2122025,13548,FI,0,10,5,7,2,7.5,5,1
ESS10e03_3,2122025,13575,FI,8,10,3,8,8,10.0,3,6
ESS10e03_3,2122025,13582,FI,10,10,8,10,8,0.0,8,9
ESS10e03_3,2122025,13590,FI,8,10,1,8,4,10.0,7,3
ESS10e03_3,2122025,13628,FI,8,6,4,8,1,7.5,9,9
ESS10e03_3,2122025,13629,FI,8,7,3,10,3,0.0,3,9
ESS10e03_3,2122025,13637,FI,10,8,7,9,8,7.5,5,9
ESS10e03_3,2122025,13660,FI,4,7,3,6,5,10.0,3,6
ESS10e03_3,2122025,13663,FI,5,8,3,8,6,2.5,8,6
ESS10e03_3,2122025,13665,FI,8,8,6,9,5,7.5,5,6
ESS10e03_3,2122025,13675,FI,10,9,6,7,7,2.5,4,7
ESS10e03_3,2122025,13688,FI,8,9,2,8,8,7.5,5,5
ESS10e03_3,2122025,13691,FI,9,9,5,8,6,7.5,5,6
ESS10e03_3,2122025,13694,FI,9,9,7,9,8,2.5,3,7
ESS10e03_3,2122025,13726,FI,10,9,7,8,7,5.0,5,8
ESS10e03_3,2122025,13749,FI,7,9,7,8,5,7.5,7,10
ESS10e03_3,2122025,13795,FI,9,9,8,10,7,7.5,7,7
ESS10e03_3,2122025,13802,FI,9,8,8,8,8,5.0,8,8
ESS10e03_3,2122025,13804,FI,6,9,7,7,6,7.5,5,8
ESS10e03_3,2122025,13862,FI,10,10,8,9,3,10.0,9,10
ESS10e03_3,2122025,13870,FI,10,10,8,9,8,5.0,9,9
ESS10e03_3,2122025,13876,FI,8,10,3,8,7,7.5,3,10
ESS10e03_3,2122025,13882,FI,9,9,7,,,2.5,7,
ESS10e03_3,2122025,13883,FI,8,9,6,9,10,5.0,2,8
ESS10e03_3,2122025,13884,FI,3,4,1,5,1,7.5,5,10
ESS10e03_3,2122025,13885,FI,9,9,6,8,8,5.0,6,8
ESS10e03_3,2122025,13889,FI,9,9,6,9,2,7.5,7,9
ESS10e03_3,2122025,13892,FI,9,8,8,9,0,10.0,6,9
ESS10e03_3,2122025,13902,FI,10,10,7,9,5,7.5,10,8
ESS10e03_3,2122025,13939,FI,9,9,6,8,8,5.0,5,7
ESS10e03_3,2122025,13950,FI,7,8,4,10,6,10.0,4,10
ESS10e03_3,2122025,13956,FI,10,10,9,9,5,7.5,9,0
ESS10e03_3,2122025,13967,FI,9,7,5,8,7,10.0,5,7
ESS10e03_3,2122025,13970,FI,7,7,6,8,2,7.5,6,3
ESS10e03_3,2122025,13979,FI,6,7,5,7,5,5.0,7,8
ESS10e03_3,2122025,13994,FI,9,9,4,7,8,2.5,8,9
ESS10e03_3,2122025,14006,FI,8,8,7,9,4,7.5,8,9
ESS10e03_3,2122025,14014,FI,5,5,4,6,6,7.5,3,7
ESS10e03_3,2122025,14025,FI,9,10,8,9,5,5.0,5,5
ESS10e03_3,2122025,14033,FI,9,7,6,7,2,7.5,8,6
ESS10e03_3,2122025,14083,FI,7,8,3,7,10,7.5,5,3
ESS10e03_3,2122025,14084,FI,7,8,7,8,5,10.0,7,8
ESS10e03_3,2122025,14090,FI,2,8,2,3,8,10.0,6,9
ESS10e03_3,2122025,14096,FI,3,4,5,8,7,2.5,5,5
ESS10e03_3,2122025,14102,FI,8,8,6,9,5,5.0,6,3
ESS10e03_3,2122025,14115,FI,8,9,4,9,8,5.0,7,9
ESS10e03_3,2122025,14123,FI,8,10,5,8,5,5.0,5,2
ESS10e03_3,2122025,14132,FI,9,8,7,9,7,7.5,7,2
ESS10e03_3,2122025,14147,FI,6,7,5,7,,10.0,8,7
ESS10e03_3,2122025,14154,FI,9,9,8,8,5,5.0,5,7
ESS10e03_3,2122025,14166,FI,4,10,8,10,3,10.0,6,3
ESS10e03_3,2122025,14169,FI,8,10,6,7,8,7.5,6,5
ESS10e03_3,2122025,14175,FI,10,4,7,9,3,7.5,9,8
ESS10e03_3,2122025,14195,FI,8,9,6,8,6,7.5,2,8
ESS10e03_3,2122025,14197,FI,9,9,4,8,4,10.0,5,6
ESS10e03_3,2122025,14230,FI,9,9,7,8,6,10.0,8,8
ESS10e03_3,2122025,14233,FI,8,8,7,8,5,7.5,6,7
ESS10e03_3,2122025,14239,FI,6,9,4,8,5,,5,10
ESS10e03_3,2122025,14284,FI,9,9,8,9,3,5.0,5,10
ESS10e03_3,2122025,14293,FI,6,9,2,8,6,2.5,5,2
ESS10e03_3,2122025,14305,FI,4,6,4,6,5,5.0,3,8
ESS10e03_3,2122025,14310,FI,8,8,7,,8,,6,7
ESS10e03_3,2122025,14327,FI,9,8,8,9,2,7.5,7,7
ESS10e03_3,2122025,14347,FI,7,8,7,9,5,10.0,7,8
ESS10e03_3,2122025,14369,FI,8,9,7,7,8,5.0,8,8
ESS10e03_3,2122025,14377,FI,7,7,3,5,5,7.5,3,5
ESS10e03_3,2122025,14380,FI,8,9,7,9,5,7.5,8,10
ESS10e03_3,2122025,14384,FI,7,9,2,8,5,10.0,5,5
ESS10e03_3,2122025,14385,FI,9,9,6,10,5,10.0,8,10
ESS10e03_3,2122025,14390,FI,8,8,7,6,7,5.0,6,6
ESS10e03_3,2122025,14400,FI,7,9,6,8,7,5.0,6,3
ESS10e03_3,2122025,14414,FI,8,9,7,4,4,10.0,0,4
ESS10e03_3,2122025,14452,FI,6,8,7,8,5,5.0,5,10
ESS10e03_3,2122025,14470,FI,8,9,8,4,7,0.0,8,10
ESS10e03_3,2122025,14483,FI,5,7,3,5,6,7.5,6,6
ESS10e03_3,2122025,14500,FI,7,7,4,5,5,7.5,8,6
ESS10e03_3,2122025,14510,FI,9,9,8,9,3,10.0,8,8
ESS10e03_3,2122025,14522,FI,7,8,5,5,,5.0,5,7
ESS10e03_3,2122025,14526,FI,9,8,5,7,7,2.5,5,5
ESS10e03_3,2122025,14531,FI,4,5,3,5,8,7.5,3,6
ESS10e03_3,2122025,14543,FI,8,8,6,9,7,7.5,5,6
ESS10e03_3,2122025,14544,FI,10,10,8,9,4,7.5,9,9
ESS10e03_3,2122025,14546,FI,5,5,4,3,8,5.0,6,2
ESS10e03_3,2122025,14549,FI,9,10,6,9,5,7.5,5,8
ESS10e03_3,2122025,14579,FI,8,8,7,8,2,7.5,7,7
ESS10e03_3,2122025,14597,FI,9,9,7,7,5,7.5,7,7
ESS10e03_3,2122025,14603,FI,9,10,8,9,4,7.5,5,6
ESS10e03_3,2122025,14618,FI,7,8,8,8,6,5.0,6,5
ESS10e03_3,2122025,14627,FI,8,9,7,8,6,7.5,7,8
ESS10e03_3,2122025,14657,FI,9,9,6,9,6,7.5,10,8
ESS10e03_3,2122025,14668,FI,8,8,7,10,10,0.0,5,10
ESS10e03_3,2122025,14670,FI,5,7,3,7,7,10.0,3,9
ESS10e03_3,2122025,14686,FI,10,10,8,8,3,7.5,8,9
ESS10e03_3,2122025,14692,FI,5,6,5,7,6,10.0,5,10
ESS10e03_3,2122025,14709,FI,7,7,2,6,5,7.5,6,4
ESS10e03_3,2122025,14711,FI,2,0,2,8,5,10.0,5,8
ESS10e03_3,2122025,14722,FI,7,5,1,6,7,0.0,5,3
ESS10e03_3,2122025,14728,FI,9,9,8,9,4,10.0,7,9
ESS10e03_3,2122025,14737,FI,9,9,7,8,6,7.5,7,8
ESS10e03_3,2122025,14748,FI,8,10,,9,4,5.0,8,10
ESS10e03_3,2122025,14752,FI,9,10,1,8,5,10.0,5,9
ESS10e03_3,2122025,14785,FI,9,9,7,9,6,7.5,6,7
ESS10e03_3,2122025,14792,FI,8,9,7,9,4,7.5,6,8
ESS10e03_3,2122025,14796,FI,8,8,7,9,8,2.5,7,4
ESS10e03_3,2122025,14810,FI,8,10,7,10,4,10.0,8,8
ESS10e03_3,2122025,14820,FI,7,7,2,5,6,2.5,3,8
ESS10e03_3,2122025,14824,FI,8,8,6,10,4,10.0,5,7
ESS10e03_3,2122025,14834,FI,9,10,7,7,4,5.0,5,7
ESS10e03_3,2122025,14838,FI,8,7,7,8,5,5.0,5,9
ESS10e03_3,2122025,14841,FI,9,9,6,9,9,7.5,7,10
ESS10e03_3,2122025,14854,FI,9,9,5,9,8,2.5,4,5
ESS10e03_3,2122025,14864,FI,8,9,7,8,4,2.5,4,2
ESS10e03_3,2122025,14866,FI,10,10,9,10,8,2.5,9,7
ESS10e03_3,2122025,14872,FI,8,9,2,7,10,0.0,2,10
ESS10e03_3,2122025,14877,FI,4,7,5,9,,5.0,8,9
ESS10e03_3,2122025,14893,FI,8,9,5,8,7,5.0,7,8
ESS10e03_3,2122025,14907,FI,8,8,5,7,7,7.5,7,7
ESS10e03_3,2122025,14908,FI,9,9,8,7,5,10.0,7,10
ESS10e03_3,2122025,14909,FI,9,10,7,9,5,5.0,4,6
ESS10e03_3,2122025,14929,FI,8,9,8,8,6,7.5,6,7
ESS10e03_3,2122025,14930,FI,7,9,4,8,7,7.5,5,8
ESS10e03_3,2122025,14945,FI,9,9,6,9,7,5.0,7,9
ESS10e03_3,2122025,14961,FI,4,6,4,8,2,7.5,6,7
ESS10e03_3,2122025,14975,FI,4,3,3,5,3,7.5,5,8
ESS10e03_3,2122025,14978,FI,7,9,7,7,7,7.5,7,7
ESS10e03_3,2122025,14995,FI,10,10,3,8,5,7.5,5,10
ESS10e03_3,2122025,15044,FI,9,8,7,10,3,7.5,9,9
ESS10e03_3,2122025,15063,FI,8,9,5,9,7,7.5,5,7
ESS10e03_3,2122025,15077,FI,8,9,4,7,4,10.0,8,7
ESS10e03_3,2122025,15082,FI,9,10,4,9,7,10.0,7,8
ESS10e03_3,2122025,15084,FI,8,9,6,6,6,10.0,4,8
ESS10e03_3,2122025,15086,FI,4,9,4,5,6,7.5,5,9
ESS10e03_3,2122025,15115,FI,8,10,5,6,5,5.0,5,4
ESS10e03_3,2122025,15135,FI,9,3,4,7,0,10.0,10,6
ESS10e03_3,2122025,15138,FI,9,9,3,10,4,7.5,6,4
ESS10e03_3,2122025,15156,FI,8,9,5,9,8,10.0,7,8
ESS10e03_3,2122025,15163,FI,8,9,7,8,5,10.0,5,8
ESS10e03_3,2122025,15165,FI,8,8,6,9,7,7.5,5,5
ESS10e03_3,2122025,15166,FI,9,10,6,8,6,5.0,8,8
ESS10e03_3,2122025,15177,FI,9,9,8,9,3,7.5,6,8
ESS10e03_3,2122025,15191,FI,9,6,2,5,8,5.0,8,8
ESS10e03_3,2122025,15209,FI,9,9,8,9,4,7.5,6,9
ESS10e03_3,2122025,15215,FI,5,8,6,6,0,10.0,8,10
ESS10e03_3,2122025,15256,FI,10,10,5,10,3,10.0,8,10
ESS10e03_3,2122025,15257,FI,8,9,6,8,7,10.0,5,7
ESS10e03_3,2122025,15276,FI,5,8,4,9,7,7.5,5,9
ESS10e03_3,2122025,15294,FI,9,9,8,9,5,7.5,8,8
ESS10e03_3,2122025,15296,FI,10,8,6,9,3,7.5,8,8
ESS10e03_3,2122025,15297,FI,9,9,6,6,8,7.5,5,10
ESS10e03_3,2122025,15307,FI,9,10,6,9,6,7.5,7,10
ESS10e03_3,2122025,15333,FI,10,10,5,9,8,5.0,6,3
ESS10e03_3,2122025,15334,FI,9,9,9,10,4,5.0,8,10
ESS10e03_3,2122025,15351,FI,2,4,3,4,0,7.5,2,8
ESS10e03_3,2122025,15360,FI,9,9,7,8,3,5.0,7,8
ESS10e03_3,2122025,15399,FI,5,7,5,6,,7.5,7,8
ESS10e03_3,2122025,15408,FI,4,10,1,10,5,10.0,8,8
ESS10e03_3,2122025,15419,FI,7,9,7,8,8,7.5,7,9
ESS10e03_3,2122025,15424,FI,9,9,7,6,7,7.5,8,7
ESS10e03_3,2122025,15433,FI,7,10,3,9,9,5.0,10,5
ESS10e03_3,2122025,15443,FI,7,9,5,6,8,2.5,5,9
ESS10e03_3,2122025,15444,FI,9,9,7,9,8,7.5,8,10
ESS10e03_3,2122025,15452,FI,8,9,7,8,1,7.5,8,8
ESS10e03_3,2122025,15455,FI,8,8,6,9,5,10.0,8,6
ESS10e03_3,2122025,15472,FI,8,9,3,8,9,7.5,2,5
ESS10e03_3,2122025,15474,FI,8,9,7,10,10,5.0,5,10
ESS10e03_3,2122025,15481,FI,9,9,8,9,5,10.0,7,6
ESS10e03_3,2122025,15483,FI,9,9,7,9,8,7.5,6,8
ESS10e03_3,2122025,15495,FI,2,6,3,8,5,7.5,3,3
ESS10e03_3,2122025,15508,FI,7,7,2,5,5,2.5,5,0
ESS10e03_3,2122025,15535,FI,8,8,6,9,5,5.0,8,8
ESS10e03_3,2122025,15550,FI,9,10,9,10,3,5.0,8,9
ESS10e03_3,2122025,15565,FI,5,8,7,8,5,7.5,5,7
ESS10e03_3,2122025,15568,FI,7,7,6,7,6,7.5,7,6
ESS10e03_3,2122025,15580,FI,9,6,4,10,1,10.0,6,2
ESS10e03_3,2122025,15582,FI,5,8,6,7,7,7.5,5,8
ESS10e03_3,2122025,15588,FI,9,10,9,9,8,7.5,7,8
ESS10e03_3,2122025,15602,FI,7,10,7,6,10,7.5,8,9
ESS10e03_3,2122025,15603,FI,6,7,3,5,2,5.0,7,6
ESS10e03_3,2122025,15604,FI,8,10,8,9,4,7.5,5,8
ESS10e03_3,2122025,15612,FI,8,9,8,9,7,7.5,8,5
ESS10e03_3,2122025,15614,FI,9,8,9,9,6,5.0,7,10
ESS10e03_3,2122025,15618,FI,6,8,4,9,5,5.0,7,4
ESS10e03_3,2122025,15619,FI,8,8,5,5,2,7.5,7,8
ESS10e03_3,2122025,15628,FI,5,4,6,4,8,7.5,5,8
ESS10e03_3,2122025,15633,FI,8,8,6,8,5,7.5,7,8
ESS10e03_3,2122025,15634,FI,7,7,6,7,7,5.0,5,7
ESS10e03_3,2122025,15646,FI,8,9,8,9,6,2.5,9,9
ESS10e03_3,2122025,15649,FI,8,6,7,8,5,7.5,5,6
ESS10e03_3,2122025,15650,FI,9,10,6,8,5,7.5,7,3
ESS10e03_3,2122025,15653,FI,9,9,7,8,7,7.5,7,10
ESS10e03_3,2122025,15667,FI,7,9,5,9,8,7.5,6,6
ESS10e03_3,2122025,15703,FI,9,8,7,10,5,5.0,7,6
ESS10e03_3,2122025,15720,FI,7,8,6,8,5,7.5,6,6
ESS10e03_3,2122025,15723,FI,9,9,7,10,6,7.5,9,10
ESS10e03_3,2122025,15726,FI,8,7,5,9,6,5.0,8,10
ESS10e03_3,2122025,15733,FI,0,2,1,2,8,5.0,4,7
ESS10e03_3,2122025,15742,FI,9,9,3,9,9,0.0,6,10
ESS10e03_3,2122025,15780,FI,5,7,4,8,2,10.0,7,7
ESS10e03_3,2122025,15820,FI,7,7,5,5,8,5.0,4,4
ESS10e03_3,2122025,15823,FI,8,8,7,8,9,5.0,6,7
ESS10e03_3,2122025,15824,FI,10,9,8,10,6,7.5,6,8
ESS10e03_3,2122025,15834,FI,8,8,6,8,10,0.0,5,2
ESS10e03_3,2122025,15842,FI,8,8,7,8,5,7.5,8,7
ESS10e03_3,2122025,15891,FI,9,10,7,8,7,10.0,5,8
ESS10e03_3,2122025,15892,FI,7,7,3,7,2,10.0,5,5
ESS10e03_3,2122025,15916,FI,5,9,4,7,10,5.0,3,7
ESS10e03_3,2122025,15926,FI,5,7,4,5,5,7.5,5,10
ESS10e03_3,2122025,15933,FI,5,9,0,10,,7.5,5,
ESS10e03_3,2122025,15934,FI,8,9,8,7,0,2.5,9,0
ESS10e03_3,2122025,15936,FI,7,8,5,5,7,5.0,8,6
ESS10e03_3,2122025,15945,FI,8,10,3,7,8,2.5,8,8
ESS10e03_3,2122025,15971,FI,7,9,5,9,3,10.0,5,5
ESS10e03_3,2122025,15972,FI,8,9,7,9,5,7.5,4,7
ESS10e03_3,2122025,15978,FI,7,9,5,7,,5.0,8,6
ESS10e03_3,2122025,15979,FI,9,9,7,9,,5.0,5,8
ESS10e03_3,2122025,16004,FI,9,9,3,8,4,7.5,5,8
ESS10e03_3,2122025,16006,FI,10,9,8,9,4,7.5,9,9
ESS10e03_3,2122025,16011,FI,8,8,7,9,8,7.5,4,8
ESS10e03_3,2122025,16030,FI,6,7,3,5,8,2.5,2,0
ESS10e03_3,2122025,16074,FI,9,9,4,8,8,5.0,6,4
ESS10e03_3,2122025,16094,FI,9,9,6,7,3,10.0,5,8
ESS10e03_3,2122025,16116,FI,9,10,2,8,5,10.0,8,9
ESS10e03_3,2122025,16128,FI,5,9,4,8,8,7.5,3,2
ESS10e03_3,2122025,16132,FI,5,7,5,8,2,10.0,2,10
ESS10e03_3,2122025,16148,FI,1,4,1,4,6,2.5,7,10
ESS10e03_3,2122025,16150,FI,6,7,3,8,0,10.0,7,7
ESS10e03_3,2122025,16152,FI,8,8,5,8,5,7.5,6,7
ESS10e03_3,2122025,16188,FI,8,8,6,10,6,2.5,5,10
ESS10e03_3,2122025,16189,FI,9,9,7,8,8,10.0,7,8
ESS10e03_3,2122025,16206,FI,9,8,6,6,7,7.5,8,5
ESS10e03_3,2122025,16242,FI,5,6,7,7,8,5.0,9,5
ESS10e03_3,2122025,16251,FI,9,10,8,8,6,7.5,5,6
ESS10e03_3,2122025,16255,FI,10,10,9,9,7,5.0,7,9
ESS10e03_3,2122025,16289,FI,7,9,6,8,5,7.5,7,8
ESS10e03_3,2122025,16298,FI,9,9,8,9,8,7.5,8,8
ESS10e03_3,2122025,16301,FI,4,6,0,2,10,7.5,6,5
ESS10e03_3,2122025,16308,FI,9,9,8,8,5,10.0,8,9
ESS10e03_3,2122025,16325,FI,5,6,0,5,4,7.5,5,6
ESS10e03_3,2122025,16331,FI,9,9,4,9,3,10.0,7,8
ESS10e03_3,2122025,16337,FI,7,8,7,9,5,5.0,4,6
ESS10e03_3,2122025,16355,FI,3,8,1,5,5,10.0,4,2
ESS10e03_3,2122025,16375,FI,9,10,7,9,5,5.0,8,8
ESS10e03_3,2122025,16378,FI,7,9,7,9,5,7.5,9,9
ESS10e03_3,2122025,16380,FI,7,9,7,8,3,7.5,5,8
ESS10e03_3,2122025,16383,FI,7,7,4,8,5,7.5,6,6
ESS10e03_3,2122025,16388,FI,10,10,5,8,9,7.5,5,8
ESS10e03_3,2122025,16397,FI,8,6,5,7,5,10.0,7,7
ESS10e03_3,2122025,16400,FI,9,8,6,6,3,5.0,8,6
ESS10e03_3,2122025,16401,FI,9,9,8,8,8,7.5,4,7
ESS10e03_3,2122025,16404,FI,9,9,7,9,2,7.5,9,7
ESS10e03_3,2122025,16411,FI,10,10,7,9,,7.5,4,7
ESS10e03_3,2122025,16414,FI,6,9,4,8,5,7.5,5,10
ESS10e03_3,2122025,16432,FI,3,5,3,4,2,10.0,4,5
ESS10e03_3,2122025,16433,FI,5,4,3,5,5,5.0,3,8
ESS10e03_3,2122025,16436,FI,8,9,7,9,5,5.0,7,4
ESS10e03_3,2122025,16440,FI,8,9,5,8,7,5.0,5,5
ESS10e03_3,2122025,16442,FI,6,8,4,8,5,,5,5
ESS10e03_3,2122025,16452,FI,7,9,6,10,8,10.0,8,8
ESS10e03_3,2122025,16461,FI,8,9,8,10,3,10.0,10,8
ESS10e03_3,2122025,16470,FI,8,9,7,6,7,7.5,3,9
ESS10e03_3,2122025,16537,FI,5,7,5,7,8,2.5,7,8
ESS10e03_3,2122025,16568,FI,8,9,6,8,3,7.5,5,4
ESS10e03_3,2122025,16584,FI,8,8,8,8,5,5.0,6,10
ESS10e03_3,2122025,16585,FI,9,10,5,8,5,10.0,7,8
ESS10e03_3,2122025,16588,FI,9,9,7,9,2,7.5,7,7
ESS10e03_3,2122025,16623,FI,10,10,8,9,2,10.0,9,8
ESS10e03_3,2122025,16632,FI,8,6,7,6,5,2.5,5,0
ESS10e03_3,2122025,16641,FI,8,9,5,10,3,7.5,5,7
ESS10e03_3,2122025,16646,FI,8,8,3,7,4,7.5,5,8
ESS10e03_3,2122025,16651,FI,7,9,4,8,,7.5,5,7
ESS10e03_3,2122025,16656,FI,10,10,9,9,0,7.5,10,0
ESS10e03_3,2122025,16666,FI,7,8,7,7,5,7.5,3,4
ESS10e03_3,2122025,16677,FI,9,9,7,9,3,7.5,5,9
ESS10e03_3,2122025,16689,FI,9,10,7,10,7,7.5,7,8
ESS10e03_3,2122025,16703,FI,8,9,7,10,5,7.5,5,2
ESS10e03_3,2122025,16704,FI,9,10,7,9,3,7.5,6,5
ESS10e03_3,2122025,16712,FI,8,9,2,4,5,7.5,4,7
ESS10e03_3,2122025,16714,FI,5,8,6,9,8,5.0,8,
ESS10e03_3,2122025,16717,FI,9,10,7,10,5,10.0,8,4
ESS10e03_3,2122025,16720,FI,9,9,6,9,3,10.0,5,8
ESS10e03_3,2122025,16723,FI,9,9,6,8,6,7.5,6,8
ESS10e03_3,2122025,16736,FI,9,8,6,7,7,7.5,8,8
ESS10e03_3,2122025,16738,FI,5,8,2,7,8,10.0,2,6
ESS10e03_3,2122025,16739,FI,9,9,5,8,7,5.0,4,2
ESS10e03_3,2122025,16742,FI,4,6,4,7,6,7.5,5,8
ESS10e03_3,2122025,16760,FI,9,9,5,6,7,5.0,6,5
ESS10e03_3,2122025,16761,FI,8,9,5,8,8,7.5,5,8
ESS10e03_3,2122025,16780,FI,6,9,4,7,5,5.0,5,5
ESS10e03_3,2122025,16788,FI,7,7,5,7,6,10.0,8,8
ESS10e03_3,2122025,16790,FI,3,5,5,3,3,10.0,3,7
ESS10e03_3,2122025,16807,FI,9,9,7,10,8,2.5,10,9
ESS10e03_3,2122025,16837,FI,6,6,4,7,5,2.5,3,9
ESS10e03_3,2122025,16847,FI,6,8,1,7,3,7.5,6,7
ESS10e03_3,2122025,16858,FI,5,7,5,5,5,10.0,4,6
ESS10e03_3,2122025,16866,FI,8,10,5,9,5,10.0,4,0
ESS10e03_3,2122025,16884,FI,10,10,5,9,,10.0,,3
ESS10e03_3,2122025,16896,FI,6,7,6,7,3,7.5,8,8
ESS10e03_3,2122025,16902,FI,6,7,6,6,8,7.5,2,8
ESS10e03_3,2122025,16928,FI,7,7,4,7,8,2.5,7,8
ESS10e03_3,2122025,16940,FI,9,9,7,8,7,2.5,7,8
ESS10e03_3,2122025,16943,FI,9,8,6,9,8,5.0,5,9
ESS10e03_3,2122025,16947,FI,8,10,7,10,6,10.0,8,4
ESS10e03_3,2122025,16950,FI,10,10,8,9,7,5.0,8,9
ESS10e03_3,2122025,16951,FI,8,9,7,9,5,7.5,9,8
ESS10e03_3,2122025,16963,FI,6,8,4,9,2,5.0,6,8
ESS10e03_3,2122025,16966,FI,5,7,5,5,8,2.5,0,4
ESS10e03_3,2122025,16974,FI,5,6,4,8,5,10.0,0,5
ESS10e03_3,2122025,16984,FI,8,8,4,6,5,5.0,4,0
ESS10e03_3,2122025,17007,FI,9,8,6,8,9,7.5,7,7
ESS10e03_3,2122025,17030,FI,9,9,6,8,7,7.5,8,8
ESS10e03_3,2122025,17040,FI,9,9,9,,6,2.5,6,8
ESS10e03_3,2122025,17074,FI,8,8,7,7,5,5.0,5,3
ESS10e03_3,2122025,17078,FI,9,9,9,9,,10.0,3,8
ESS10e03_3,2122025,17087,FI,5,8,2,7,5,7.5,8,10
ESS10e03_3,2122025,17092,FI,8,6,6,9,2,7.5,7,7
ESS10e03_3,2122025,17105,FI,8,8,8,9,6,7.5,8,5
ESS10e03_3,2122025,17107,FI,7,9,6,8,5,10.0,5,5
ESS10e03_3,2122025,17111,FI,8,8,4,8,8,5.0,5,7
ESS10e03_3,2122025,17123,FI,8,8,6,8,7,5.0,7,5
ESS10e03_3,2122025,17126,FI,8,8,8,8,3,7.5,7,8
ESS10e03_3,2122025,17158,FI,9,9,7,9,3,5.0,5,7
ESS10e03_3,2122025,17163,FI,8,9,7,8,5,5.0,7,6
ESS10e03_3,2122025,17187,FI,8,9,6,7,8,5.0,5,8
ESS10e03_3,2122025,17188,FI,7,7,6,8,5,5.0,5,6
ESS10e03_3,2122025,17196,FI,9,9,8,9,3,10.0,8,9
ESS10e03_3,2122025,17215,FI,9,9,8,9,4,7.5,5,6
ESS10e03_3,2122025,17229,FI,9,9,7,9,2,7.5,6,9
ESS10e03_3,2122025,17231,FI,6,8,2,8,4,5.0,7,9
ESS10e03_3,2122025,17241,FI,6,7,4,3,8,5.0,4,4
ESS10e03_3,2122025,17243,FI,2,5,4,4,4,7.5,6,
ESS10e03_3,2122025,17244,FI,10,10,7,8,7,10.0,9,8
ESS10e03_3,2122025,17251,FI,9,9,6,8,6,5.0,5,9
ESS10e03_3,2122025,17254,FI,5,3,2,7,3,10.0,8,5
ESS10e03_3,2122025,17258,FI,9,8,6,7,8,7.5,8,9
ESS10e03_3,2122025,17262,FI,8,8,8,9,4,7.5,6,9
ESS10e03_3,2122025,17274,FI,7,9,6,8,3,7.5,9,10
ESS10e03_3,2122025,17293,FI,5,8,3,7,7,2.5,6,7
ESS10e03_3,2122025,17316,FI,4,5,1,6,,7.5,3,2
ESS10e03_3,2122025,17329,FI,7,9,5,8,8,5.0,5,5
ESS10e03_3,2122025,17346,FI,7,9,8,8,9,5.0,8,10
ESS10e03_3,2122025,17347,FI,9,9,6,8,3,7.5,7,8
ESS10e03_3,2122025,17382,FI,8,9,7,9,9,7.5,6,8
ESS10e03_3,2122025,17390,FI,2,9,4,8,5,10.0,5,8
ESS10e03_3,2122025,17401,FI,9,8,4,9,8,2.5,7,8
ESS10e03_3,2122025,17434,FI,8,9,8,8,5,7.5,5,9
ESS10e03_3,2122025,17450,FI,7,8,7,8,3,5.0,7,10
ESS10e03_3,2122025,17455,FI,9,9,8,10,2,7.5,9,8
ESS10e03_3,2122025,17472,FI,10,10,8,10,8,2.5,10,10
ESS10e03_3,2122025,17481,FI,4,8,0,6,5,7.5,4,3
ESS10e03_3,2122025,17484,FI,8,8,6,5,,7.5,,
ESS10e03_3,2122025,17486,FI,9,9,8,9,4,10.0,5,9
ESS10e03_3,2122025,17498,FI,5,8,4,8,9,10.0,1,2
ESS10e03_3,2122025,17502,FI,8,9,7,9,8,10.0,9,7
ESS10e03_3,2122025,17535,FI,8,9,3,8,5,7.5,5,8
ESS10e03_3,2122025,17541,FI,5,7,6,7,5,7.5,6,6
ESS10e03_3,2122025,17566,FI,9,10,8,9,5,5.0,5,6
ESS10e03_3,2122025,17573,FI,7,9,6,9,3,7.5,6,8
ESS10e03_3,2122025,17582,FI,5,9,,10,,2.5,10,10
ESS10e03_3,2122025,17604,FI,7,10,2,9,5,2.5,4,7
ESS10e03_3,2122025,17613,FI,9,9,3,8,4,5.0,5,10
ESS10e03_3,2122025,17630,FI,9,9,6,8,8,7.5,6,8
ESS10e03_3,2122025,17631,FI,7,8,6,7,5,7.5,5,7
ESS10e03_3,2122025,17639,FI,8,8,7,8,4,7.5,7,8
ESS10e03_3,2122025,17647,FI,9,9,2,8,7,5.0,3,5
ESS10e03_3,2122025,17653,FI,7,8,7,8,6,7.5,6,8
ESS10e03_3,2122025,17655,FI,8,8,5,9,4,7.5,7,9
ESS10e03_3,2122025,17661,FI,9,9,5,7,8,5.0,2,4
ESS10e03_3,2122025,17685,FI,10,10,8,10,6,10.0,5,8
ESS10e03_3,2122025,17686,FI,9,7,4,9,8,5.0,9,5
ESS10e03_3,2122025,17717,FI,6,6,4,7,4,7.5,6,9
ESS10e03_3,2122025,17720,FI,3,4,0,5,0,10.0,7,3
ESS10e03_3,2122025,17734,FI,8,8,8,9,6,10.0,5,6
ESS10e03_3,2122025,17795,FI,9,9,6,7,8,5.0,6,6
ESS10e03_3,2122025,17796,FI,9,10,2,5,5,0.0,5,0
ESS10e03_3,2122025,17819,FI,9,8,6,9,5,7.5,8,10
ESS10e03_3,2122025,17821,FI,8,9,0,8,3,7.5,8,5
ESS10e03_3,2122025,17828,FI,3,2,1,1,5,7.5,3,6
ESS10e03_3,2122025,17833,FI,10,10,6,9,8,7.5,7,10
ESS10e03_3,2122025,17840,FI,6,9,3,7,5,2.5,3,6
ESS10e03_3,2122025,17847,FI,8,0,5,10,5,7.5,7,1
ESS10e03_3,2122025,17851,FI,7,8,4,8,3,10.0,7,8
ESS10e03_3,2122025,17855,FI,7,8,5,8,8,2.5,5,7
ESS10e03_3,2122025,17866,FI,9,9,7,8,8,10.0,8,10
ESS10e03_3,2122025,17868,FI,9,9,7,9,5,7.5,7,8
ESS10e03_3,2122025,17869,FI,7,8,6,8,5,7.5,5,4
ESS10e03_3,2122025,17894,FI,8,8,7,7,8,7.5,6,9
ESS10e03_3,2122025,17903,FI,9,10,7,7,7,7.5,6,8
ESS10e03_3,2122025,17909,FI,9,9,2,3,7,7.5,5,5
ESS10e03_3,2122025,17912,FI,9,9,6,9,8,2.5,5,7
ESS10e03_3,2122025,17913,FI,8,9,6,9,8,5.0,3,5
ESS10e03_3,2122025,17931,FI,4,5,3,6,1,10.0,9,5
ESS10e03_3,2122025,17934,FI,9,9,6,9,7,10.0,5,5
ESS10e03_3,2122025,17935,FI,9,9,5,10,7,7.5,6,7
ESS10e03_3,2122025,17951,FI,7,7,7,8,8,7.5,8,10
ESS10e03_3,2122025,17962,FI,8,4,5,8,7,5.0,2,6
ESS10e03_3,2122025,17968,FI,7,7,4,7,2,5.0,6,9
ESS10e03_3,2122025,17974,FI,7,8,6,8,8,7.5,5,8
ESS10e03_3,2122025,18002,FI,9,10,6,8,8,10.0,5,5
ESS10e03_3,2122025,18009,FI,9,9,7,9,9,5.0,6,9
ESS10e03_3,2122025,18022,FI,9,10,7,8,2,7.5,5,7
ESS10e03_3,2122025,18052,FI,7,9,3,4,5,7.5,1,4
ESS10e03_3,2122025,18059,FI,8,10,7,9,8,7.5,5,0
ESS10e03_3,2122025,18063,FI,9,10,8,8,7,5.0,5,5
ESS10e03_3,2122025,18074,FI,8,10,6,10,9,2.5,5,8
ESS10e03_3,2122025,18079,FI,8,8,8,9,9,10.0,9,9
ESS10e03_3,2122025,18101,FI,8,9,8,8,4,7.5,5,7
ESS10e03_3,2122025,18102,FI,4,3,3,8,5,0.0,7,10
ESS10e03_3,2122025,18109,FI,8,8,5,6,8,5.0,6,7
ESS10e03_3,2122025,18118,FI,9,9,5,9,8,5.0,5,7
ESS10e03_3,2122025,18119,FI,7,8,6,9,4,10.0,7,7
ESS10e03_3,2122025,18129,FI,8,9,7,8,9,2.5,5,5
ESS10e03_3,2122025,18136,FI,10,10,8,9,6,7.5,6,8
ESS10e03_3,2122025,18141,FI,9,9,7,8,,5.0,6,9
ESS10e03_3,2122025,18142,FI,7,10,3,8,5,10.0,7,1
ESS10e03_3,2122025,18146,FI,8,9,7,9,4,7.5,6,7
ESS10e03_3,2122025,18157,FI,8,8,8,9,7,5.0,8,9
ESS10e03_3,2122025,18171,FI,5,8,4,8,8,7.5,2,6
ESS10e03_3,2122025,18180,FI,7,8,6,8,6,5.0,4,5
ESS10e03_3,2122025,18181,FI,7,8,3,8,5,7.5,5,5
ESS10e03_3,2122025,18190,FI,7,9,5,8,8,2.5,5,6
ESS10e03_3,2122025,18223,FI,4,8,5,7,5,2.5,7,9
ESS10e03_3,2122025,18226,FI,4,5,4,4,5,10.0,3,1
ESS10e03_3,2122025,18232,FI,1,1,1,3,9,2.5,1,5
ESS10e03_3,2122025,18243,FI,7,10,3,8,,5.0,0,5
ESS10e03_3,2122025,18245,FI,9,9,6,7,9,2.5,8,8
ESS10e03_3,2122025,18251,FI,8,8,5,8,5,5.0,8,5
ESS10e03_3,2122025,18253,FI,10,8,8,9,3,10.0,9,10
ESS10e03_3,2122025,18268,FI,10,8,8,7,5,7.5,7,3
ESS10e03_3,2122025,18290,FI,5,9,7,8,7,2.5,7,5
ESS10e03_3,2122025,18332,FI,8,8,7,8,5,7.5,4,6
ESS10e03_3,2122025,18339,FI,9,10,6,7,7,7.5,5,
ESS10e03_3,2122025,18347,FI,9,10,5,9,8,7.5,5,7
ESS10e03_3,2122025,18362,FI,5,10,3,9,7,5.0,7,8
ESS10e03_3,2122025,18364,FI,9,9,4,9,3,7.5,5,7
ESS10e03_3,2122025,18374,FI,7,9,4,9,5,7.5,8,7
ESS10e03_3,2122025,18377,FI,8,9,6,9,5,5.0,7,10
ESS10e03_3,2122025,18379,FI,7,9,5,8,4,10.0,6,7
ESS10e03_3,2122025,18396,FI,7,9,6,9,,7.5,6,8
ESS10e03_3,2122025,18406,FI,,9,5,,5,2.5,7,0
ESS10e03_3,2122025,18418,FI,3,9,2,7,4,10.0,6,7
ESS10e03_3,2122025,18424,FI,5,10,5,5,8,10.0,4,10
ESS10e03_3,2122025,18434,FI,7,5,4,8,2,2.5,8,
ESS10e03_3,2122025,18443,FI,8,9,7,9,6,5.0,7,9
ESS10e03_3,2122025,18458,FI,10,9,7,7,6,7.5,8,8
ESS10e03_3,2122025,18473,FI,9,9,6,8,0,7.5,5,8
ESS10e03_3,2122025,18475,FI,6,9,3,6,5,7.5,4,6
ESS10e03_3,2122025,18485,FI,7,8,5,8,4,7.5,5,9
ESS10e03_3,2122025,18489,FI,9,10,7,9,8,2.5,8,7
ESS10e03_3,2122025,18546,FI,8,9,4,9,4,5.0,5,4
ESS10e03_3,2122025,18574,FI,8,9,7,8,7,5.0,8,5
ESS10e03_3,2122025,18624,FI,8,8,3,9,5,2.5,6,0
ESS10e03_3,2122025,18631,FI,9,9,8,10,4,7.5,9,7
ESS10e03_3,2122025,18635,FI,3,9,4,4,8,2.5,2,7
ESS10e03_3,2122025,18660,FI,8,8,5,8,5,7.5,2,5
ESS10e03_3,2122025,18671,FI,9,9,7,9,10,2.5,8,10
ESS10e03_3,2122025,18674,FI,9,9,8,8,5,7.5,5,4
ESS10e03_3,2122025,18687,FI,10,10,9,10,5,5.0,7,6
ESS10e03_3,2122025,18693,FI,9,9,7,9,2,10.0,9,9
ESS10e03_3,2122025,18695,FI,4,8,2,8,5,7.5,3,9
ESS10e03_3,2122025,18705,FI,8,8,7,7,8,10.0,5,8
ESS10e03_3,2122025,18711,FI,5,2,6,9,0,10.0,8,10
ESS10e03_3,2122025,18717,FI,0,9,0,8,5,7.5,5,8
ESS10e03_3,2122025,18724,FI,7,9,4,3,7,7.5,2,5
ESS10e03_3,2122025,18742,FI,6,6,2,5,8,2.5,5,3
ESS10e03_3,2122025,18788,FI,9,9,7,9,4,7.5,8,8
ESS10e03_3,2122025,18789,FI,5,4,4,7,1,7.5,9,6
ESS10e03_3,2122025,18799,FI,3,3,3,5,2,10.0,7,8
ESS10e03_3,2122025,18810,FI,8,9,7,9,5,2.5,7,7
ESS10e03_3,2122025,18815,FI,9,9,3,8,6,7.5,6,8
ESS10e03_3,2122025,18818,FI,5,3,2,8,3,7.5,4,6
ESS10e03_3,2122025,18825,FI,8,7,8,9,3,7.5,8,7
ESS10e03_3,2122025,18833,FI,9,9,8,9,8,5.0,4,2
ESS10e03_3,2122025,18844,FI,8,7,8,8,6,5.0,6,5
ESS10e03_3,2122025,18851,FI,7,7,6,9,9,7.5,7,9
ESS10e03_3,2122025,18896,FI,9,9,7,5,7,2.5,8,5
ESS10e03_3,2122025,18897,FI,9,9,5,8,8,5.0,7,7
ESS10e03_3,2122025,18904,FI,8,7,6,6,5,7.5,5,6
ESS10e03_3,2122025,18914,FI,8,9,4,8,4,7.5,5,8
ESS10e03_3,2122025,18933,FI,8,9,3,8,6,7.5,6,4
ESS10e03_3,2122025,18943,FI,6,7,4,7,6,7.5,5,6
ESS10e03_3,2122025,18958,FI,10,10,5,10,,5.0,10,8
ESS10e03_3,2122025,18961,FI,8,8,7,7,6,10.0,6,8
ESS10e03_3,2122025,18973,FI,9,10,7,9,8,2.5,8,7
ESS10e03_3,2122025,18977,FI,9,9,7,9,3,7.5,7,7
ESS10e03_3,2122025,18991,FI,9,8,8,8,5,2.5,10,10
ESS10e03_3,2122025,18999,FI,8,4,4,9,4,7.5,7,9
ESS10e03_3,2122025,19005,FI,8,6,6,8,3,10.0,10,10
ESS10e03_3,2122025,19016,FI,9,8,7,8,3,10.0,7,8
ESS10e03_3,2122025,19022,FI,7,7,6,7,9,7.5,7,8
ESS10e03_3,2122025,19028,FI,5,7,3,3,10,7.5,3,2
ESS10e03_3,2122025,19031,FI,9,9,7,8,7,5.0,4,5
ESS10e03_3,2122025,19042,FI,10,10,9,10,8,5.0,9,8
ESS10e03_3,2122025,19048,FI,3,4,5,8,2,7.5,7,7
ESS10e03_3,2122025,19051,FI,8,7,6,8,8,2.5,5,6
ESS10e03_3,2122025,19068,FI,10,10,5,9,5,2.5,9,9
ESS10e03_3,2122025,19078,FI,7,6,2,8,7,0.0,6,3
ESS10e03_3,2122025,19085,FI,7,7,6,7,7,7.5,4,7
ESS10e03_3,2122025,19090,FI,5,7,5,8,4,7.5,8,9
ESS10e03_3,2122025,19128,FI,8,9,2,8,1,7.5,0,8
ESS10e03_3,2122025,19144,FI,7,9,4,8,7,7.5,3,4
ESS10e03_3,2122025,19155,FI,8,10,3,6,4,10.0,2,1
ESS10e03_3,2122025,19174,FI,9,9,6,7,7,5.0,5,7
ESS10e03_3,2122025,19187,FI,9,9,6,9,,7.5,6,6
ESS10e03_3,2122025,19189,FI,9,9,5,9,3,7.5,6,7
ESS10e03_3,2122025,19190,FI,9,9,7,8,8,5.0,8,6
ESS10e03_3,2122025,19206,FI,7,8,5,8,2,10.0,4,2
ESS10e03_3,2122025,19212,FI,9,9,6,8,8,5.0,5,7
ESS10e03_3,2122025,19215,FI,9,9,3,9,5,7.5,7,5
ESS10e03_3,2122025,19225,FI,9,10,7,9,8,10.0,7,9
ESS10e03_3,2122025,19233,FI,10,10,3,10,6,7.5,7,8
ESS10e03_3,2122025,19260,FI,3,3,2,5,9,5.0,3,3
ESS10e03_3,2122025,19261,FI,3,0,5,10,4,7.5,0,5
ESS10e03_3,2122025,19263,FI,9,8,7,6,8,7.5,6,3
ESS10e03_3,2122025,19289,FI,9,9,7,9,6,7.5,8,8
ESS10e03_3,2122025,19296,FI,7,8,9,9,4,5.0,5,9
ESS10e03_3,2122025,19314,FI,9,10,8,9,7,7.5,8,9
ESS10e03_3,2122025,19322,FI,7,9,5,9,6,5.0,5,8
ESS10e03_3,2122025,19332,FI,9,9,3,8,7,2.5,6,7
ESS10e03_3,2122025,19339,FI,9,10,6,9,,7.5,2,9
ESS10e03_3,2122025,19342,FI,9,9,6,9,7,2.5,6,9
ESS10e03_3,2122025,19350,FI,7,8,7,7,8,5.0,9,10
ESS10e03_3,2122025,19404,FI,9,10,8,9,8,2.5,6,8
ESS10e03_3,2122025,19414,FI,9,9,6,8,6,7.5,1,8
ESS10e03_3,2122025,19423,FI,8,9,7,9,8,10.0,7,8
ESS10e03_3,2122025,19433,FI,9,9,7,9,5,7.5,4,5
ESS10e03_3,2122025,19438,FI,9,10,6,9,7,7.5,9,6
ESS10e03_3,2122025,19444,FI,4,9,4,,4,7.5,5,5
ESS10e03_3,2122025,19446,FI,9,10,8,9,7,7.5,6,10
ESS10e03_3,2122025,19463,FI,5,8,2,4,8,7.5,7,6
ESS10e03_3,2122025,19471,FI,9,9,7,10,3,7.5,8,9
ESS10e03_3,2122025,19475,FI,8,8,5,9,3,10.0,8,10
ESS10e03_3,2122025,19476,FI,7,9,7,7,5,5.0,2,8
ESS10e03_3,2122025,19480,FI,2,7,1,8,7,10.0,3,0
ESS10e03_3,2122025,19488,FI,3,6,3,6,7,7.5,3,7
ESS10e03_3,2122025,19493,FI,9,9,7,9,6,7.5,5,8
ESS10e03_3,2122025,19501,FI,8,8,7,9,5,7.5,5,3
ESS10e03_3,2122025,19505,FI,6,10,3,5,10,5.0,5,6
ESS10e03_3,2122025,19508,FI,8,8,6,7,,7.5,7,6
ESS10e03_3,2122025,19511,FI,8,8,5,8,8,7.5,5,7
ESS10e03_3,2122025,19519,FI,8,8,4,8,8,2.5,8,7
ESS10e03_3,2122025,19545,FI,10,10,8,8,10,2.5,5,4
ESS10e03_3,2122025,19597,FI,7,8,7,6,5,5.0,8,5
ESS10e03_3,2122025,19608,FI,2,7,1,4,5,5.0,9,3
ESS10e03_3,2122025,19610,FI,8,6,5,8,3,10.0,5,6
ESS10e03_3,2122025,19618,FI,10,10,10,10,8,5.0,8,9
ESS10e03_3,2122025,19622,FI,9,9,7,8,8,7.5,5,6
ESS10e03_3,2122025,19624,FI,9,9,8,9,5,7.5,6,7
ESS10e03_3,2122025,19627,FI,2,9,3,8,8,2.5,5,9
ESS10e03_3,2122025,19643,FI,9,10,7,7,8,7.5,7,9
ESS10e03_3,2122025,19678,FI,7,9,7,7,9,2.5,5,8
ESS10e03_3,2122025,19699,FI,10,10,8,8,3,7.5,7,7
ESS10e03_3,2122025,19705,FI,9,10,8,9,4,5.0,7,8
ESS10e03_3,2122025,19713,FI,10,9,7,9,7,7.5,7,8
ESS10e03_3,2122025,19714,FI,5,6,1,6,7,5.0,3,5
ESS10e03_3,2122025,19720,FI,2,6,3,6,8,7.5,4,6
ESS10e03_3,2122025,19721,FI,7,7,7,8,4,7.5,8,7
ESS10e03_3,2122025,19738,FI,7,10,6,8,5,7.5,7,6
ESS10e03_3,2122025,19761,FI,8,8,5,8,4,5.0,5,6
ESS10e03_3,2122025,19764,FI,2,5,3,2,3,10.0,4,0
ESS10e03_3,2122025,19771,FI,9,9,8,9,4,5.0,8,8
ESS10e03_3,2122025,19796,FI,6,9,5,8,10,7.5,6,5
ESS10e03_3,2122025,19804,FI,6,7,6,7,8,7.5,7,8
ESS10e03_3,2122025,19839,FI,9,10,8,9,9,2.5,5,0
ESS10e03_3,2122025,19850,FI,8,10,8,10,8,7.5,6,10
ESS10e03_3,2122025,19856,FI,8,8,6,7,5,10.0,9,9
ESS10e03_3,2122025,19865,FI,8,9,7,9,1,10.0,5,10
ESS10e03_3,2122025,19875,FI,10,10,7,9,5,7.5,7,9
ESS10e03_3,2122025,19884,FI,5,7,2,5,9,5.0,3,8
ESS10e03_3,2122025,19892,FI,9,10,6,9,3,7.5,8,10
ESS10e03_3,2122025,19895,FI,9,8,7,8,5,7.5,7,8
ESS10e03_3,2122025,19897,FI,6,9,5,7,,2.5,5,8
ESS10e03_3,2122025,19903,FI,8,8,7,8,5,5.0,7,7
ESS10e03_3,2122025,19911,FI,10,10,9,9,5,10.0,5,9
ESS10e03_3,2122025,19949,FI,7,9,4,8,5,5.0,1,5
ESS10e03_3,2122025,19960,FI,9,9,7,9,8,2.5,6,6
ESS10e03_3,2122025,19970,FI,9,9,8,9,2,5.0,6,8
ESS10e03_3,2122025,19980,FI,8,10,6,9,9,0.0,0,10
ESS10e03_3,2122025,19985,FI,5,9,5,9,8,7.5,4,10
ESS10e03_3,2122025,20000,FI,8,9,2,8,8,2.5,7,4
ESS10e03_3,2122025,20013,FI,8,9,7,9,8,5.0,6,5
ESS10e03_3,2122025,20030,FI,10,10,6,10,7,10.0,7,7
ESS10e03_3,2122025,20056,FI,9,9,8,9,2,7.5,8,10
ESS10e03_3,2122025,20085,FI,7,8,6,8,6,7.5,7,7
ESS10e03_3,2122025,20093,FI,5,8,2,6,6,5.0,2,0
ESS10e03_3,2122025,20098,FI,9,9,7,8,7,5.0,6,6
ESS10e03_3,2122025,20117,FI,9,9,6,9,5,7.5,5,8
ESS10e03_3,2122025,20158,FI,8,10,7,8,5,10.0,5,2
ESS10e03_3,2122025,20193,FI,8,8,7,6,4,10.0,5,5
ESS10e03_3,2122025,20215,FI,10,10,4,9,1,2.5,7,8
ESS10e03_3,2122025,20241,FI,7,8,5,8,5,7.5,3,5
ESS10e03_3,2122025,20257,FI,7,9,6,9,2,0.0,7,8
ESS10e03_3,2122025,20268,FI,5,7,2,8,5,7.5,5,7
ESS10e03_3,2122025,20274,FI,8,8,2,7,9,0.0,4,2
ESS10e03_3,2122025,20289,FI,9,9,7,9,5,7.5,7,8
ESS10e03_3,2122025,20294,FI,8,9,4,8,6,7.5,4,9
ESS10e03_3,2122025,20295,FI,7,8,4,6,4,7.5,8,7
ESS10e03_3,2122025,20311,FI,7,10,7,8,,7.5,6,7
ESS10e03_3,2122025,20319,FI,9,9,7,9,3,7.5,8,10
ESS10e03_3,2122025,20320,FI,8,9,3,8,1,7.5,8,8
ESS10e03_3,2122025,20331,FI,8,10,3,8,,10.0,4,2
ESS10e03_3,2122025,20357,FI,10,10,4,10,5,7.5,5,10
ESS10e03_3,2122025,20361,FI,10,10,10,,7,7.5,5,2
ESS10e03_3,2122025,20374,FI,2,8,3,8,9,7.5,6,9
ESS10e03_3,2122025,20386,FI,8,9,7,9,8,10.0,8,7
ESS10e03_3,2122025,20388,FI,8,9,7,9,6,7.5,5,10
ESS10e03_3,2122025,20390,FI,9,9,8,9,6,7.5,7,10
ESS10e03_3,2122025,20394,FI,8,8,4,9,7,2.5,5,4
ESS10e03_3,2122025,20401,FI,8,8,7,7,10,7.5,5,4
ESS10e03_3,2122025,20402,FI,8,8,7,8,3,5.0,6,10
ESS10e03_3,2122025,20416,FI,7,9,6,8,3,7.5,7,8
ESS10e03_3,2122025,20420,FI,5,5,5,5,,,5,
ESS10e03_3,2122025,20431,FI,6,2,4,10,0,10.0,8,8
ESS10e03_3,2122025,20440,FI,6,6,3,6,4,7.5,5,7
ESS10e03_3,2122025,20452,FI,8,9,6,9,3,10.0,10,7
ESS10e03_3,2122025,20486,FI,10,10,7,9,6,5.0,7,8
ESS10e03_3,2122025,20487,FI,7,9,2,8,8,7.5,2,0
ESS10e03_3,2122025,20488,FI,8,9,8,8,8,5.0,5,6
ESS10e03_3,2122025,20496,FI,9,9,6,6,6,5.0,5,5
ESS10e03_3,2122025,20525,FI,8,8,6,8,3,7.5,8,8
ESS10e03_3,2122025,20536,FI,8,10,5,8,6,7.5,4,
ESS10e03_3,2122025,20537,FI,5,6,5,6,7,7.5,5,10
ESS10e03_3,2122025,20538,FI,9,9,7,9,6,10.0,6,9
ESS10e03_3,2122025,20543,FI,7,10,6,7,7,2.5,5,7
ESS10e03_3,2122025,20556,FI,10,10,3,10,4,7.5,8,7
ESS10e03_3,2122025,20560,FI,8,9,4,8,7,7.5,5,3
ESS10e03_3,2122025,20565,FI,5,7,6,8,,10.0,6,
ESS10e03_3,2122025,20591,FI,8,9,7,8,5,5.0,7,7
ESS10e03_3,2122025,20605,FI,9,9,7,8,7,7.5,7,8
ESS10e03_3,2122025,20619,FI,5,6,3,6,7,2.5,6,3
ESS10e03_3,2122025,20625,FI,3,8,1,6,7,7.5,5,8
ESS10e03_3,2122025,20651,FI,8,8,7,9,3,7.5,6,9
ESS10e03_3,2122025,20659,FI,3,7,3,7,5,7.5,3,6
ESS10e03_3,2122025,20661,FI,5,2,4,7,2,10.0,8,8
ESS10e03_3,2122025,20670,FI,9,10,7,9,3,10.0,9,9
ESS10e03_3,2122025,20673,FI,5,5,2,8,0,10.0,7,8
ESS10e03_3,2122025,20686,FI,6,8,3,5,5,7.5,4,6
ESS10e03_3,2122025,20691,FI,9,8,7,9,3,7.5,8,10
ESS10e03_3,2122025,20693,FI,4,6,2,5,5,7.5,4,6
ESS10e03_3,2122025,20697,FI,8,9,7,8,6,5.0,5,9
ESS10e03_3,2122025,20712,FI,8,8,6,8,5,7.5,8,9
ESS10e03_3,2122025,20715,FI,7,7,4,,,7.5,5,7
ESS10e03_3,2122025,20719,FI,1,7,3,7,5,10.0,4,7
ESS10e03_3,2122025,20729,FI,9,9,7,9,3,7.5,7,8
ESS10e03_3,2122025,20743,FI,9,9,5,8,8,5.0,5,8
ESS10e03_3,2122025,20744,FI,8,9,6,7,3,10.0,6,8
ESS10e03_3,2122025,20759,FI,7,8,5,8,5,10.0,5,7
ESS10e03_3,2122025,20771,FI,5,8,1,9,4,2.5,7,5
ESS10e03_3,2122025,20776,FI,9,8,5,6,3,7.5,6,6
ESS10e03_3,2122025,20795,FI,8,8,7,8,4,7.5,8,8
ESS10e03_3,2122025,20802,FI,9,10,6,9,7,5.0,7,8
ESS10e03_3,2122025,20828,FI,7,8,5,7,4,7.5,5,6
ESS10e03_3,2122025,20848,FI,9,9,6,8,10,10.0,7,5
ESS10e03_3,2122025,20858,FI,8,7,5,8,5,7.5,8,10
ESS10e03_3,2122025,20863,FI,4,7,8,6,8,10.0,8,
ESS10e03_3,2122025,20874,FI,9,9,5,8,2,10.0,9,8
ESS10e03_3,2122025,20889,FI,7,8,2,8,5,5.0,5,7
ESS10e03_3,2122025,20890,FI,5,8,1,1,,10.0,5,9
ESS10e03_3,2122025,20906,FI,5,10,0,10,0,,7,
ESS10e03_3,2122025,20920,FI,9,10,7,9,9,7.5,7,8
ESS10e03_3,2122025,20928,FI,7,8,6,9,7,5.0,5,8
ESS10e03_3,2122025,20943,FI,6,8,6,7,7,10.0,6,5
ESS10e03_3,2122025,20959,FI,9,9,3,8,5,10.0,5,7
ESS10e03_3,2122025,20961,FI,2,4,0,9,7,7.5,3,4
ESS10e03_3,2122025,20962,FI,8,8,5,5,8,7.5,6,6
ESS10e03_3,2122025,20964,FI,9,10,6,9,6,5.0,5,4
ESS10e03_3,2122025,20976,FI,8,10,5,9,8,5.0,2,7
ESS10e03_3,2122025,20979,FI,8,9,6,10,10,7.5,9,8
ESS10e03_3,2122025,21005,FI,9,4,4,8,0,7.5,6,2
ESS10e03_3,2122025,21016,FI,10,10,5,9,2,10.0,4,7
ESS10e03_3,2122025,21017,FI,8,8,7,7,7,5.0,5,9
ESS10e03_3,2122025,21051,FI,7,10,0,6,5,5.0,5,4
ESS10e03_3,2122025,21082,FI,9,9,8,7,6,7.5,7,10
ESS10e03_3,2122025,21090,FI,4,9,5,8,7,5.0,5,6
ESS10e03_3,2122025,21092,FI,9,10,2,7,10,2.5,4,7
ESS10e03_3,2122025,21093,FI,10,10,8,7,3,7.5,6,7
ESS10e03_3,2122025,21094,FI,9,9,6,9,7,5.0,7,6
ESS10e03_3,2122025,21127,FI,8,9,7,9,5,5.0,5,5
ESS10e03_3,2122025,21153,FI,8,8,5,9,3,10.0,10,9
ESS10e03_3,2122025,21167,FI,6,6,2,7,6,10.0,4,4
ESS10e03_3,2122025,21186,FI,5,7,2,9,4,10.0,3,2
ESS10e03_3,2122025,21195,FI,9,9,6,8,8,2.5,8,10
ESS10e03_3,2122025,21204,FI,2,8,4,9,5,5.0,7,8
ESS10e03_3,2122025,21218,FI,9,9,6,10,4,7.5,9,10
ESS10e03_3,2122025,21224,FI,9,9,7,8,4,7.5,6,10
ESS10e03_3,2122025,21232,FI,9,9,6,7,4,2.5,7,6
ESS10e03_3,2122025,21235,FI,10,10,6,9,7,2.5,3,7
ESS10e03_3,2122025,21239,FI,7,9,5,9,6,7.5,5,8
ESS10e03_3,2122025,21241,FI,5,7,5,8,7,5.0,8,6
ESS10e03_3,2122025,21244,FI,5,7,3,7,5,7.5,5,6
ESS10e03_3,2122025,21254,FI,5,6,2,7,5,,5,7
ESS10e03_3,2122025,21258,FI,8,9,6,9,5,,9,7
ESS10e03_3,2122025,21260,FI,9,10,6,10,3,10.0,9,7
ESS10e03_3,2122025,21264,FI,7,8,6,7,9,7.5,7,7
ESS10e03_3,2122025,21271,FI,8,10,2,5,4,10.0,7,10
ESS10e03_3,2122025,21285,FI,8,8,6,8,7,7.5,8,9
ESS10e03_3,2122025,21294,FI,7,5,3,9,2,7.5,5,8
ESS10e03_3,2122025,21306,FI,7,9,6,8,4,10.0,7,8
ESS10e03_3,2122025,21337,FI,7,9,,9,3,10.0,,10
ESS10e03_3,2122025,21352,FI,9,6,7,7,1,10.0,6,7
ESS10e03_3,2122025,21369,FI,8,10,5,8,5,5.0,5,5
ESS10e03_3,2122025,21384,FI,8,9,8,8,1,10.0,8,8
ESS10e03_3,2122025,21386,FI,8,8,8,9,4,7.5,8,7
ESS10e03_3,2122025,21391,FI,7,7,4,9,3,7.5,6,6
ESS10e03_3,2122025,21394,FI,7,9,7,8,10,10.0,7,8
ESS10e03_3,2122025,21406,FI,8,9,6,8,3,7.5,6,4
ESS10e03_3,2122025,21412,FI,6,7,5,3,3,7.5,4,6
ESS10e03_3,2122025,21419,FI,9,8,7,8,9,7.5,5,8
ESS10e03_3,2122025,21425,FI,8,7,3,8,4,7.5,2,5
ESS10e03_3,2122025,21443,FI,3,7,5,7,6,10.0,4,8
ESS10e03_3,2122025,21473,FI,8,8,7,8,6,7.5,5,7
ESS10e03_3,2122025,21503,FI,10,10,7,10,1,5.0,9,8
ESS10e03_3,2122025,21525,FI,9,9,7,7,8,5.0,4,7
ESS10e03_3,2122025,21531,FI,8,9,9,9,4,7.5,8,9
ESS10e03_3,2122025,21564,FI,9,10,8,10,6,7.5,8,9
ESS10e03_3,2122025,21581,FI,10,10,5,8,8,7.5,6,5
ESS10e03_3,2122025,21586,FI,9,10,7,10,8,7.5,5,9
ESS10e03_3,2122025,21608,FI,8,8,7,8,6,5.0,7,5
ESS10e03_3,2122025,21609,FI,2,9,3,4,7,7.5,2,5
ESS10e03_3,2122025,21620,FI,8,9,5,9,4,7.5,8,7
ESS10e03_3,2122025,21633,FI,7,9,3,5,3,5.0,3,8
ESS10e03_3,2122025,21635,FI,9,10,9,8,5,7.5,5,10
ESS10e03_3,2122025,21654,FI,9,9,8,9,4,7.5,7,8
ESS10e03_3,2122025,21656,FI,9,9,6,8,8,5.0,8,7
ESS10e03_3,2122025,21678,FI,9,9,4,9,2,7.5,5,4
ESS10e03_3,2122025,21709,FI,7,7,2,7,,5.0,7,3
ESS10e03_3,2122025,21736,FI,10,10,8,8,6,7.5,5,5
ESS10e03_3,2122025,21746,FI,9,7,8,9,3,7.5,5,8
ESS10e03_3,2122025,21752,FI,7,9,8,7,5,5.0,5,6
ESS10e03_3,2122025,21757,FI,9,6,7,9,6,2.5,5,9
ESS10e03_3,2122025,21759,FI,6,8,1,7,5,10.0,9,8
ESS10e03_3,2122025,21799,FI,9,9,8,8,5,5.0,8,8
ESS10e03_3,2122025,21802,FI,8,9,7,9,7,5.0,7,7
ESS10e03_3,2122025,21805,FI,9,9,6,8,7,7.5,5,5
ESS10e03_3,2122025,21811,FI,6,8,6,7,8,2.5,6,5
ESS10e03_3,2122025,21828,FI,6,7,6,7,8,10.0,6,4
ESS10e03_3,2122025,21853,FI,10,10,9,10,8,5.0,3,0
ESS10e03_3,2122025,21874,FI,8,8,7,8,7,7.5,6,6
ESS10e03_3,2122025,21886,FI,9,10,4,6,6,5.0,8,2
ESS10e03_3,2122025,21920,FI,6,8,7,8,6,7.5,6,5
ESS10e03_3,2122025,21931,FI,8,8,7,9,5,5.0,7,10
ESS10e03_3,2122025,21938,FI,8,9,3,7,4,7.5,6,7
ESS10e03_3,2122025,21950,FI,7,7,3,7,5,7.5,7,3
ESS10e03_3,2122025,21958,FI,8,9,7,8,6,10.0,8,9
ESS10e03_3,2122025,21978,FI,9,10,8,10,5,5.0,6,7
ESS10e03_3,2122025,21981,FI,10,9,5,9,6,7.5,6,7
ESS10e03_3,2122025,21991,FI,10,10,7,10,4,7.5,7,10
ESS10e03_3,2122025,21992,FI,8,8,7,9,6,7.5,5,9
ESS10e03_3,2122025,22013,FI,6,6,5,4,5,7.5,5,7
ESS10e03_3,2122025,22026,FI,8,9,0,8,5,5.0,6,6
ESS10e03_3,2122025,22043,FI,8,9,2,10,5,7.5,5,9
ESS10e03_3,2122025,22044,FI,6,6,6,6,5,5.0,8,10
ESS10e03_3,2122025,22047,FI,7,9,2,8,8,5.0,8,8
ESS10e03_3,2122025,22053,FI,3,8,4,8,4,10.0,5,7
ESS10e03_3,2122025,22081,FI,7,8,6,9,4,5.0,7,9
ESS10e03_3,2122025,22109,FI,9,9,7,9,8,2.5,8,8
ESS10e03_3,2122025,22123,FI,9,10,7,9,8,5.0,6,8
ESS10e03_3,2122025,22145,FI,8,9,8,7,9,7.5,8,8
ESS10e03_3,2122025,22152,FI,7,8,6,6,8,2.5,3,0
ESS10e03_3,2122025,22176,FI,8,9,6,9,6,5.0,5,6
ESS10e03_3,2122025,22187,FI,9,9,8,9,8,5.0,5,6
ESS10e03_3,2122025,22197,FI,8,10,7,7,5,7.5,4,5
ESS10e03_3,2122025,22228,FI,10,10,7,9,8,5.0,1,7
ESS10e03_3,2122025,22230,FI,8,9,8,9,5,5.0,5,9
ESS10e03_3,2122025,22233,FI,10,10,1,5,10,7.5,10,6
ESS10e03_3,2122025,22238,FI,10,10,5,7,8,5.0,7,7
ESS10e03_3,2122025,22273,FI,9,9,6,8,4,10.0,7,8
ESS10e03_3,2122025,22274,FI,8,9,8,8,8,7.5,7,5
ESS10e03_3,2122025,22292,FI,8,9,7,9,6,10.0,4,7
ESS10e03_3,2122025,22294,FI,9,9,5,8,9,7.5,5,5
ESS10e03_3,2122025,22300,FI,9,10,5,7,6,7.5,7,0
ESS10e03_3,2122025,22311,FI,8,8,5,9,4,7.5,4,7
ESS10e03_3,2122025,22316,FI,7,7,5,8,3,7.5,8,7
ESS10e03_3,2122025,22319,FI,7,10,7,8,5,10.0,8,4
ESS10e03_3,2122025,22324,FI,5,10,3,9,0,7.5,5,5
ESS10e03_3,2122025,22335,FI,10,10,8,8,,5.0,7,8
ESS10e03_3,2122025,22346,FI,8,9,8,8,9,7.5,6,8
ESS10e03_3,2122025,22370,FI,4,7,0,8,5,10.0,0,9
ESS10e03_3,2122025,22375,FI,9,9,6,8,8,2.5,9,5
ESS10e03_3,2122025,22404,FI,8,10,5,9,5,5.0,0,8
ESS10e03_3,2122025,22415,FI,5,9,0,5,5,10.0,2,2
ESS10e03_3,2122025,22416,FI,9,8,7,9,3,7.5,8,9
ESS10e03_3,2122025,22418,FI,7,10,5,8,,7.5,7,8
ESS10e03_3,2122025,22472,FI,9,9,5,10,9,2.5,5,5
ESS10e03_3,2122025,22497,FI,7,8,7,8,5,5.0,8,8
ESS10e03_3,2122025,22505,FI,8,8,6,8,6,5.0,8,7
ESS10e03_3,2122025,22509,FI,9,9,6,9,5,10.0,8,9
ESS10e03_3,2122025,22516,FI,8,7,4,7,9,7.5,5,10
ESS10e03_3,2122025,22542,FI,7,9,2,8,8,7.5,7,7
ESS10e03_3,2122025,22552,FI,8,9,4,10,5,7.5,5,8
ESS10e03_3,2122025,22555,FI,10,8,4,8,3,5.0,6,5
ESS10e03_3,2122025,22561,FI,8,9,4,8,5,5.0,7,10
ESS10e03_3,2122025,22571,FI,8,9,7,8,9,7.5,7,8
ESS10e03_3,2122025,22588,FI,5,7,1,8,8,7.5,5,8
ESS10e03_3,2122025,22604,FI,8,8,6,7,4,7.5,7,8
ESS10e03_3,2122025,22607,FI,2,6,1,6,2,7.5,5,9
ESS10e03_3,2122025,22613,FI,9,9,6,10,3,0.0,10,8
ESS10e03_3,2122025,22630,FI,5,8,5,8,1,10.0,6,6
ESS10e03_3,2122025,22632,FI,10,10,8,10,10,5.0,5,10
ESS10e03_3,2122025,22636,FI,9,10,7,9,5,10.0,7,9
ESS10e03_3,2122025,22658,FI,10,10,7,9,10,,6,7
ESS10e03_3,2122025,22666,FI,9,9,7,8,5,7.5,5,9
ESS10e03_3,2122025,22669,FI,8,9,6,9,8,5.0,7,10
ESS10e03_3,2122025,22673,FI,7,7,6,9,,7.5,6,8
ESS10e03_3,2122025,22687,FI,7,9,7,7,7,5.0,6,7
ESS10e03_3,2122025,22693,FI,9,8,6,9,4,7.5,6,7
ESS10e03_3,2122025,22728,FI,7,5,5,8,10,2.5,4,7
ESS10e03_3,2122025,22751,FI,8,9,6,8,6,7.5,3,4
ESS10e03_3,2122025,22781,FI,9,9,7,9,3,7.5,6,7
ESS10e03_3,2122025,22791,FI,7,8,4,5,5,7.5,4,7
ESS10e03_3,2122025,22799,FI,9,8,5,8,3,7.5,5,8
ESS10e03_3,2122025,22810,FI,8,10,5,5,8,5.0,10,0
ESS10e03_3,2122025,22811,FI,9,8,8,8,0,7.5,8,8
ESS10e03_3,2122025,22817,FI,8,8,7,9,10,2.5,9,9
ESS10e03_3,2122025,22830,FI,,,,,,5.0,5,
ESS10e03_3,2122025,22836,FI,8,8,7,8,6,7.5,5,8
ESS10e03_3,2122025,22839,FI,7,9,5,9,6,7.5,5,10
ESS10e03_3,2122025,22845,FI,9,9,6,9,7,7.5,6,4
ESS10e03_3,2122025,22858,FI,5,5,4,5,5,7.5,6,5
ESS10e03_3,2122025,22860,FI,10,10,8,8,5,10.0,7,9
ESS10e03_3,2122025,22873,FI,7,9,3,8,6,10.0,7,7
ESS10e03_3,2122025,22889,FI,7,8,6,7,4,7.5,6,6
ESS10e03_3,2122025,22892,FI,9,9,6,8,6,5.0,7,8
ESS10e03_3,2122025,22901,FI,7,8,6,9,7,5.0,9,7
ESS10e03_3,2122025,22903,FI,8,8,6,8,0,10.0,8,5
ESS10e03_3,2122025,22913,FI,8,8,7,8,9,7.5,8,9
ESS10e03_3,2122025,22932,FI,9,10,5,7,6,7.5,6,9
ESS10e03_3,2122025,22941,FI,9,10,6,10,0,10.0,8,9
ESS10e03_3,2122025,22947,FI,7,9,6,9,7,7.5,7,8
ESS10e03_3,2122025,22949,FI,7,7,5,8,3,10.0,9,8
ESS10e03_3,2122025,22957,FI,7,8,9,8,8,7.5,8,4
ESS10e03_3,2122025,22959,FI,9,8,7,8,3,7.5,7,7
ESS10e03_3,2122025,23004,FI,5,7,4,8,6,10.0,4,6
ESS10e03_3,2122025,23008,FI,9,8,8,9,6,7.5,8,8
ESS10e03_3,2122025,23047,FI,4,9,2,8,7,7.5,3,9
ESS10e03_3,2122025,23048,FI,9,10,7,8,5,7.5,7,5
ESS10e03_3,2122025,23050,FI,6,6,3,7,,5.0,5,1
ESS10e03_3,2122025,23058,FI,9,10,5,9,4,7.5,9,9
ESS10e03_3,2122025,23060,FI,4,9,4,8,,5.0,7,5
ESS10e03_3,2122025,23065,FI,8,9,5,7,6,,6,8
ESS10e03_3,2122025,23076,FI,10,10,7,10,5,5.0,5,9
ESS10e03_3,2122025,23084,FI,7,8,4,5,1,10.0,5,8
ESS10e03_3,2122025,23088,FI,8,9,7,9,8,5.0,8,9
ESS10e03_3,2122025,23090,FI,10,7,7,8,6,5.0,4,7
ESS10e03_3,2122025,23091,FI,7,8,5,8,3,10.0,8,9
ESS10e03_3,2122025,23092,FI,6,6,3,8,5,2.5,7,7
ESS10e03_3,2122025,23109,FI,8,8,6,8,4,7.5,5,5
ESS10e03_3,2122025,23135,FI,4,5,1,2,7,7.5,2,1
ESS10e03_3,2122025,23141,FI,8,9,5,,,5.0,,
ESS10e03_3,2122025,23147,FI,9,8,7,9,2,10.0,9,10
ESS10e03_3,2122025,23153,FI,9,9,9,10,5,7.5,10,9
ESS10e03_3,2122025,23184,FI,8,9,3,5,7,5.0,7,5
ESS10e03_3,2122025,23194,FI,9,10,8,10,6,10.0,5,4
ESS10e03_3,2122025,23212,FI,6,8,3,7,6,2.5,5,8
ESS10e03_3,2122025,23218,FI,9,9,7,8,6,7.5,6,7
ESS10e03_3,2122025,23263,FI,8,9,8,8,7,10.0,7,8
ESS10e03_3,2122025,23276,FI,9,8,7,9,9,5.0,5,9
ESS10e03_3,2122025,23290,FI,3,6,2,7,,7.5,4,7
ESS10e03_3,2122025,23309,FI,9,8,6,9,7,7.5,4,9
ESS10e03_3,2122025,23334,FI,8,8,3,7,5,10.0,2,6
ESS10e03_3,2122025,23343,FI,9,9,6,8,5,7.5,7,7
ESS10e03_3,2122025,23344,FI,6,6,4,5,2,7.5,6,6
ESS10e03_3,2122025,23349,FI,5,7,7,6,5,7.5,6,4
ESS10e03_3,2122025,23351,FI,9,9,7,9,3,7.5,8,8
ESS10e03_3,2122025,23355,FI,5,7,5,10,8,5.0,5,6
ESS10e03_3,2122025,23368,FI,9,10,7,10,,5.0,10,10
ESS10e03_3,2122025,23383,FI,9,10,1,8,8,5.0,6,8
ESS10e03_3,2122025,23400,FI,9,9,7,9,4,7.5,6,8
ESS10e03_3,2122025,23402,FI,8,7,5,8,5,5.0,8,10
ESS10e03_3,2122025,23411,FI,7,9,4,9,3,10.0,7,10
ESS10e03_3,2122025,23419,FI,7,8,6,7,8,5.0,8,8
ESS10e03_3,2122025,23445,FI,6,6,4,6,6,7.5,6,7
ESS10e03_3,2122025,23472,FI,8,9,6,9,7,5.0,7,7
ESS10e03_3,2122025,23479,FI,7,8,6,8,8,5.0,5,10
ESS10e03_3,2122025,23482,FI,10,10,5,9,6,2.5,5,7
ESS10e03_3,2122025,23493,FI,9,9,6,9,7,5.0,5,9
ESS10e03_3,2122025,23516,FI,7,8,7,7,5,7.5,7,9
ESS10e03_3,2122025,23539,FI,10,9,8,9,3,7.5,8,9
ESS10e03_3,2122025,23557,FI,8,9,5,6,5,7.5,6,10
ESS10e03_3,2122025,23568,FI,9,9,6,8,4,7.5,5,8
ESS10e03_3,2122025,23572,FI,8,8,1,8,3,10.0,5,9
ESS10e03_3,2122025,23573,FI,8,7,3,10,4,10.0,9,10
ESS10e03_3,2122025,23592,FI,8,9,3,8,,7.5,1,7
ESS10e03_3,2122025,23609,FI,7,9,5,5,6,7.5,5,8
ESS10e03_3,2122025,23633,FI,7,10,4,9,10,7.5,2,5
ESS10e03_3,2122025,23634,FI,3,5,1,2,2,10.0,5,6
ESS10e03_3,2122025,23640,FI,10,9,8,8,7,7.5,7,8
ESS10e03_3,2122025,23653,FI,7,6,5,8,2,10.0,7,9
ESS10e03_3,2122025,23660,FI,7,10,7,9,5,5.0,9,10
ESS10e03_3,2122025,23663,FI,5,8,4,9,7,10.0,4,10
ESS10e03_3,2122025,23694,FI,6,7,6,7,9,7.5,4,8
ESS10e03_3,2122025,23707,FI,7,4,3,9,5,7.5,8,3
ESS10e03_3,2122025,23726,FI,7,9,5,5,6,5.0,1,5
ESS10e03_3,2122025,23730,FI,7,8,5,9,5,2.5,5,1
ESS10e03_3,2122025,23734,FI,9,9,5,10,6,2.5,6,6
ESS10e03_3,2122025,23744,FI,4,9,0,6,0,10.0,1,
ESS10e03_3,2122025,23749,FI,4,8,6,9,2,10.0,8,8
ESS10e03_3,2122025,23752,FI,9,9,7,8,4,2.5,5,8
ESS10e03_3,2122025,23754,FI,2,5,1,3,8,10.0,0,4
ESS10e03_3,2122025,23758,FI,8,9,4,7,3,10.0,9,9
ESS10e03_3,2122025,23759,FI,9,9,8,9,3,10.0,5,3
ESS10e03_3,2122025,23773,FI,9,10,5,8,5,5.0,3,2
ESS10e03_3,2122025,23775,FI,6,6,5,8,1,10.0,5,4
ESS10e03_3,2122025,23814,FI,9,9,2,10,8,10.0,4,8
ESS10e03_3,2122025,23818,FI,6,9,7,9,7,7.5,4,7
ESS10e03_3,2122025,23829,FI,5,6,4,7,1,5.0,7,5
ESS10e03_3,2122025,23838,FI,9,9,8,8,7,7.5,7,9
ESS10e03_3,2122025,23840,FI,7,9,7,7,5,5.0,4,7
ESS10e03_3,2122025,23862,FI,9,10,7,8,9,7.5,5,9
ESS10e03_3,2122025,23895,FI,9,9,8,9,7,10.0,8,9
ESS10e03_3,2122025,23916,FI,5,5,6,7,6,5.0,5,7
ESS10e03_3,2122025,23925,FI,9,10,8,8,7,10.0,4,8
ESS10e03_3,2122025,23960,FI,9,10,5,8,6,5.0,6,8
ESS10e03_3,2122025,23963,FI,8,9,3,8,2,10.0,5,8
ESS10e03_3,2122025,23968,FI,7,8,8,7,7,7.5,7,5
ESS10e03_3,2122025,23974,FI,8,8,7,8,7,7.5,6,8
ESS10e03_3,2122025,23978,FI,8,9,5,7,8,2.5,2,1
ESS10e03_3,2122025,24005,FI,9,8,7,9,8,7.5,7,10
ESS10e03_3,2122025,24034,FI,3,8,5,6,7,0.0,5,5
ESS10e03_3,2122025,24038,FI,9,10,7,9,10,7.5,8,7
ESS10e03_3,2122025,24045,FI,9,10,6,8,6,7.5,8,8
ESS10e03_3,2122025,24054,FI,8,7,8,9,2,10.0,6,9
ESS10e03_3,2122025,24055,FI,10,8,8,10,0,0.0,10,7
ESS10e03_3,2122025,24076,FI,3,5,7,4,6,2.5,8,5
ESS10e03_3,2122025,24083,FI,5,8,1,5,8,5.0,4,6
ESS10e03_3,2122025,24091,FI,5,8,7,9,9,7.5,6,3
ESS10e03_3,2122025,24097,FI,9,8,6,8,6,5.0,6,7
ESS10e03_3,2122025,24106,FI,8,9,7,9,7,5.0,10,9
ESS10e03_3,2122025,24120,FI,7,8,5,7,6,7.5,7,8
ESS10e03_3,2122025,24132,FI,8,9,7,4,6,7.5,4,5
ESS10e03_3,2122025,24151,FI,8,8,5,8,5,7.5,8,3
ESS10e03_3,2122025,24161,FI,8,9,7,9,10,7.5,7,8
ESS10e03_3,2122025,24168,FI,9,8,7,9,4,10.0,8,9
ESS10e03_3,2122025,24170,FI,7,7,2,0,5,10.0,5,5
ESS10e03_3,2122025,24179,FI,6,8,6,8,4,10.0,1,1
ESS10e03_3,2122025,24186,FI,5,5,6,8,5,2.5,8,6
ESS10e03_3,2122025,24192,FI,9,10,8,8,4,7.5,5,8
ESS10e03_3,2122025,24209,FI,8,10,6,7,6,5.0,5,8
ESS10e03_3,2122025,24215,FI,9,8,7,8,3,7.5,7,6
ESS10e03_3,2122025,24227,FI,5,8,6,8,5,7.5,5,10
ESS10e03_3,2122025,24228,FI,10,10,8,8,10,5.0,5,4
ESS10e03_3,2122025,24250,FI,8,9,4,8,8,5.0,8,5
ESS10e03_3,2122025,24251,FI,8,9,7,9,7,5.0,7,7
ESS10e03_3,2122025,24257,FI,9,9,7,8,6,7.5,8,9
ESS10e03_3,2122025,24303,FI,8,8,8,7,1,7.5,10,9
ESS10e03_3,2122025,24320,FI,10,9,6,10,7,5.0,7,7
ESS10e03_3,2122025,24348,FI,9,9,6,7,8,0.0,5,6
ESS10e03_3,2122025,24351,FI,9,9,7,9,8,0.0,8,7
ESS10e03_3,2122025,24372,FI,4,8,5,6,7,10.0,3,8
ESS10e03_3,2122025,24403,FI,6,8,4,8,5,7.5,5,6
ESS10e03_3,2122025,24412,FI,8,6,6,8,4,7.5,8,9
ESS10e03_3,2122025,24413,FI,4,6,4,6,5,7.5,2,5
ESS10e03_3,2122025,24454,FI,8,8,6,8,6,5.0,5,2
ESS10e03_3,2122025,24460,FI,7,2,5,7,5,10.0,6,2
ESS10e03_3,2122025,24476,FI,9,9,7,7,8,2.5,9,10
ESS10e03_3,2122025,24487,FI,7,9,9,9,3,7.5,5,9
ESS10e03_3,2122025,24495,FI,8,9,1,9,5,7.5,4,8
ESS10e03_3,2122025,24515,FI,9,9,8,9,8,7.5,5,7
ESS10e03_3,2122025,24520,FI,10,10,7,,5,10.0,5,5
ESS10e03_3,2122025,24552,FI,7,8,5,7,4,2.5,6,7
ESS10e03_3,2122025,24563,FI,,10,,8,5,5.0,,
ESS10e03_3,2122025,24583,FI,8,8,8,9,6,7.5,10,8
ESS10e03_3,2122025,24588,FI,7,8,6,8,0,10.0,6,5
ESS10e03_3,2122025,24589,FI,7,9,7,6,6,7.5,7,8
ESS10e03_3,2122025,24592,FI,8,9,6,9,8,7.5,7,8
ESS10e03_3,2122025,24607,FI,10,10,9,9,8,5.0,3,10
ESS10e03_3,2122025,24615,FI,8,9,4,7,7,5.0,6,9
ESS10e03_3,2122025,24620,FI,8,9,4,8,9,2.5,7,8
ESS10e03_3,2122025,24628,FI,9,8,7,8,,7.5,8,8
ESS10e03_3,2122025,24638,FI,8,9,5,8,8,7.5,7,7
ESS10e03_3,2122025,24643,FI,8,9,6,9,2,10.0,8,10
ESS10e03_3,2122025,24690,FI,8,9,6,7,5,10.0,10,9
ESS10e03_3,2122025,24700,FI,6,8,0,2,5,10.0,1,8
ESS10e03_3,2122025,24719,FI,9,10,5,8,6,,4,2
ESS10e03_3,2122025,24722,FI,8,8,3,9,0,10.0,7,3
ESS10e03_3,2122025,24723,FI,8,8,7,8,8,10.0,8,8
ESS10e03_3,2122025,24737,FI,6,9,6,6,5,7.5,3,4
ESS10e03_3,2122025,24754,FI,9,8,7,8,3,7.5,10,9
ESS10e03_3,2122025,24755,FI,8,9,6,9,3,7.5,5,6
ESS10e03_3,2122025,24757,FI,6,8,1,7,5,7.5,5,3
ESS10e03_3,2122025,24762,FI,8,9,7,8,6,7.5,6,9
ESS10e03_3,2122025,24774,FI,7,9,5,7,10,10.0,7,7
ESS10e03_3,2122025,24791,FI,9,10,8,10,8,7.5,3,2
ESS10e03_3,2122025,24792,FI,6,7,5,6,8,10.0,6,10
ESS10e03_3,2122025,24813,FI,5,6,3,7,2,10.0,8,8
ESS10e03_3,2122025,24825,FI,7,9,2,9,5,7.5,6,7
ESS10e03_3,2122025,24832,FI,9,8,6,8,5,7.5,2,9
ESS10e03_3,2122025,24837,FI,7,10,6,9,9,5.0,5,9
ESS10e03_3,2122025,24838,FI,8,8,0,8,5,10.0,0,8
ESS10e03_3,2122025,24843,FI,8,8,5,5,5,5.0,5,1
ESS10e03_3,2122025,24866,FI,8,10,7,9,7,7.5,4,7
ESS10e03_3,2122025,24868,FI,8,8,6,9,3,7.5,6,0
ESS10e03_3,2122025,24889,FI,8,8,6,8,7,7.5,7,7
ESS10e03_3,2122025,24894,FI,8,10,6,9,3,7.5,8,7
ESS10e03_3,2122025,24897,FI,8,9,4,9,9,5.0,3,4
ESS10e03_3,2122025,24901,FI,8,9,7,9,9,2.5,5,8
ESS10e03_3,2122025,24917,FI,5,4,5,4,2,10.0,6,5
ESS10e03_3,2122025,24944,FI,9,9,5,8,,5.0,4,7
ESS10e03_3,2122025,24951,FI,8,9,7,7,9,7.5,8,8
ESS10e03_3,2122025,24952,FI,8,8,8,9,9,7.5,8,9
ESS10e03_3,2122025,24967,FI,7,8,7,7,8,7.5,5,7
ESS10e03_3,2122025,25015,FI,7,7,4,5,4,10.0,5,5
ESS10e03_3,2122025,25016,FI,8,8,5,9,7,2.5,6,7
ESS10e03_3,2122025,25022,FI,9,9,6,9,3,7.5,8,8
ESS10e03_3,2122025,25029,FI,9,9,8,9,8,7.5,7,10
ESS10e03_3,2122025,25065,FI,8,8,7,8,7,7.5,5,7
ESS10e03_3,2122025,25082,FI,9,10,7,8,5,2.5,7,9
ESS10e03_3,2122025,25085,FI,8,9,7,9,5,5.0,8,8
ESS10e03_3,2122025,25113,FI,6,7,4,5,5,7.5,5,3
ESS10e03_3,2122025,25114,FI,7,8,7,8,5,7.5,10,9
ESS10e03_3,2122025,25126,FI,9,10,7,10,4,7.5,9,9
ESS10e03_3,2122025,25146,FI,8,9,6,9,5,10.0,5,8
ESS10e03_3,2122025,25183,FI,8,9,4,8,6,7.5,7,7
ESS10e03_3,2122025,25184,FI,8,8,5,9,7,2.5,4,5
ESS10e03_3,2122025,25206,FI,5,9,0,9,3,10.0,2,0
ESS10e03_3,2122025,25213,FI,8,9,6,8,5,7.5,6,5
ESS10e03_3,2122025,25217,FI,10,9,8,9,7,5.0,10,3
ESS10e03_3,2122025,25219,FI,6,9,5,6,8,7.5,5,3
ESS10e03_3,2122025,25229,FI,10,9,8,9,3,7.5,9,9
ESS10e03_3,2122025,25240,FI,9,9,7,9,5,5.0,4,5
ESS10e03_3,2122025,25278,FI,7,8,7,9,,,5,8
ESS10e03_3,2122025,25281,FI,8,9,6,9,4,7.5,5,6
ESS10e03_3,2122025,25302,FI,9,9,8,9,8,7.5,7,8
ESS10e03_3,2122025,25314,FI,5,8,5,8,5,7.5,6,6
ESS10e03_3,2122025,25317,FI,9,8,6,9,10,2.5,7,5
ESS10e03_3,2122025,25326,FI,9,9,5,8,9,7.5,2,8
ESS10e03_3,2122025,25344,FI,8,9,2,8,5,5.0,4,8
ESS10e03_3,2122025,25395,FI,9,8,5,9,7,5.0,5,6
ESS10e03_3,2122025,25403,FI,5,7,6,8,5,7.5,5,6
ESS10e03_3,2122025,25414,FI,2,4,2,3,5,5.0,5,10
ESS10e03_3,2122025,25418,FI,5,8,3,2,5,10.0,0,0
ESS10e03_3,2122025,25419,FI,9,9,4,9,7,7.5,3,10
ESS10e03_3,2122025,25422,FI,8,10,9,9,5,5.0,7,7
ESS10e03_3,2122025,25425,FI,8,9,7,8,8,7.5,5,9
ESS10e03_3,2122025,25436,FI,7,10,6,8,5,7.5,6,7
ESS10e03_3,2122025,25450,FI,8,9,4,6,6,2.5,4,9
ESS10e03_3,2122025,25457,FI,9,9,6,9,8,5.0,5,
ESS10e03_3,2122025,25493,FI,8,7,6,9,3,7.5,8,7
ESS10e03_3,2122025,25497,FI,6,9,5,7,6,10.0,6,5
ESS10e03_3,2122025,25517,FI,5,9,3,5,7,2.5,2,5
ESS10e03_3,2122025,25524,FI,9,9,8,9,5,7.5,9,1
ESS10e03_3,2122025,25535,FI,8,10,5,9,5,5.0,2,7
ESS10e03_3,2122025,25537,FI,7,8,6,8,5,7.5,7,8
ESS10e03_3,2122025,25538,FI,7,7,5,7,5,7.5,5,6
ESS10e03_3,2122025,25540,FI,9,9,7,7,7,5.0,6,5
ESS10e03_3,2122025,25549,FI,6,5,4,9,1,10.0,5,8
ESS10e03_3,2122025,25555,FI,7,8,7,8,5,10.0,7,6
ESS10e03_3,2122025,25584,FI,6,7,6,7,5,10.0,5,3
ESS10e03_3,2122025,25586,FI,8,8,7,7,5,10.0,7,9
ESS10e03_3,2122025,25597,FI,9,10,7,9,9,7.5,7,8
ESS10e03_3,2122025,25617,FI,8,10,3,10,8,7.5,4,8
ESS10e03_3,2122025,25634,FI,2,9,2,6,9,2.5,0,8
ESS10e03_3,2122025,25650,FI,8,9,6,10,10,2.5,7,7
ESS10e03_3,2122025,25652,FI,9,9,7,9,6,5.0,7,8
ESS10e03_3,2122025,25661,FI,9,9,8,9,3,7.5,5,9
ESS10e03_3,2122025,25663,FI,9,8,5,7,5,10.0,5,1
ESS10e03_3,2122025,25681,FI,7,6,5,8,3,7.5,10,8
ESS10e03_3,2122025,25684,FI,6,8,8,,5,7.5,5,
ESS10e03_3,2122025,25693,FI,9,10,7,9,5,7.5,9,7
ESS10e03_3,2122025,25721,FI,7,7,4,8,10,5.0,3,9
ESS10e03_3,2122025,25722,FI,9,9,7,10,3,7.5,8,8
ESS10e03_3,2122025,25752,FI,8,9,6,7,0,0.0,5,5
ESS10e03_3,2122025,25776,FI,8,5,5,9,0,10.0,9,8
ESS10e03_3,2122025,25780,FI,5,8,1,8,8,7.5,0,7
ESS10e03_3,2122025,25784,FI,7,6,3,4,3,10.0,4,4
ESS10e03_3,2122025,25789,FI,4,9,6,9,5,0.0,6,8
ESS10e03_3,2122025,25798,FI,8,9,2,9,5,5.0,5,7
ESS10e03_3,2122025,25802,FI,7,7,5,7,4,7.5,9,8
ESS10e03_3,2122025,25822,FI,9,10,7,8,7,5.0,3,6
ESS10e03_3,2122025,25833,FI,9,9,5,7,6,10.0,6,6
ESS10e03_3,2122025,25838,FI,5,8,3,7,5,7.5,5,4
ESS10e03_3,2122025,25845,FI,6,7,3,6,5,7.5,3,2
ESS10e03_3,2122025,25851,FI,7,10,8,,0,10.0,5,7
ESS10e03_3,2122025,25867,FI,10,10,7,9,8,7.5,3,5
ESS10e03_3,2122025,25878,FI,9,10,7,9,8,2.5,6,7
ESS10e03_3,2122025,25885,FI,9,9,6,9,6,10.0,5,9
ESS10e03_3,2122025,25889,FI,9,9,8,9,5,5.0,5,10
ESS10e03_3,2122025,25898,FI,7,8,6,8,5,10.0,7,6
ESS10e03_3,2122025,25905,FI,7,8,6,7,8,5.0,5,8
ESS10e03_3,2122025,25915,FI,5,7,2,8,7,5.0,3,3
ESS10e03_3,2122025,25918,FI,6,6,4,7,4,7.5,,6
ESS10e03_3,2122025,25927,FI,7,7,6,8,5,5.0,8,9
ESS10e03_3,2122025,25954,FI,9,7,6,9,8,2.5,5,5
ESS10e03_3,2122025,25964,FI,10,10,7,9,8,2.5,8,8
ESS10e03_3,2122025,25970,FI,10,10,9,8,5,10.0,3,5
ESS10e03_3,2122025,25973,FI,8,10,3,6,8,7.5,3,2
ESS10e03_3,2122025,25986,FI,2,9,2,9,6,10.0,4,4
ESS10e03_3,2122025,25988,FI,10,10,8,10,8,5.0,5,6
ESS10e03_3,2122025,26007,FI,9,9,4,9,5,7.5,5,5
ESS10e03_3,2122025,26061,FI,7,9,5,10,5,7.5,5,7
ESS10e03_3,2122025,26071,FI,8,8,5,8,3,7.5,9,8
ESS10e03_3,2122025,26074,FI,7,6,1,4,8,10.0,8,10
ESS10e03_3,2122025,26075,FI,8,9,7,9,3,10.0,6,2
ESS10e03_3,2122025,26078,FI,6,9,3,7,7,7.5,4,6
ESS10e03_3,2122025,26085,FI,4,6,2,6,5,7.5,5,8
ESS10e03_3,2122025,26088,FI,9,9,4,10,5,7.5,9,10
ESS10e03_3,2122025,26092,FI,8,10,7,9,8,2.5,5,7
ESS10e03_3,2122025,26114,FI,8,10,8,7,6,5.0,5,9
ESS10e03_3,2122025,26126,FI,8,9,1,7,3,2.5,5,5
ESS10e03_3,2122025,26131,FI,7,8,1,6,5,7.5,7,7
ESS10e03_3,2122025,26133,FI,5,7,5,6,,10.0,5,5
ESS10e03_3,2122025,26136,FI,8,9,7,8,5,7.5,5,8
ESS10e03_3,2122025,26143,FI,5,8,7,8,6,2.5,6,8
ESS10e03_3,2122025,26168,FI,9,9,7,8,4,7.5,10,10
ESS10e03_3,2122025,26178,FI,9,9,6,8,5,7.5,4,5
ESS10e03_3,2122025,26179,FI,9,9,6,9,1,7.5,5,8
ESS10e03_3,2122025,26192,FI,7,9,7,8,8,7.5,7,8
ESS10e03_3,2122025,26194,FI,6,8,2,8,5,10.0,7,5
ESS10e03_3,2122025,26195,FI,9,8,5,10,7,2.5,6,5
ESS10e03_3,2122025,26199,FI,9,10,8,9,6,7.5,5,8
ESS10e03_3,2122025,26216,FI,9,10,6,10,6,5.0,5,7
ESS10e03_3,2122025,26240,FI,5,5,5,5,5,7.5,5,6
ESS10e03_3,2122025,26248,FI,8,10,6,8,6,5.0,7,9
ESS10e03_3,2122025,26258,FI,9,9,6,7,9,2.5,1,9
ESS10e03_3,2122025,26263,FI,8,9,3,9,7,2.5,5,8
ESS10e03_3,2122025,26267,FI,8,9,6,9,7,5.0,5,7
ESS10e03_3,2122025,26285,FI,8,9,7,9,3,7.5,7,7
ESS10e03_3,2122025,26292,FI,7,8,3,9,6,5.0,8,5
ESS10e03_3,2122025,26302,FI,9,9,8,8,7,2.5,5,7
ESS10e03_3,2122025,26304,FI,8,9,5,8,6,5.0,10,10
ESS10e03_3,2122025,26307,FI,9,9,4,10,8,7.5,7,2
ESS10e03_3,2122025,26322,FI,3,7,1,7,5,7.5,5,10
ESS10e03_3,2122025,26330,FI,9,10,7,8,6,2.5,5,3
ESS10e03_3,2122025,26331,FI,7,7,3,6,3,10.0,5,4
ESS10e03_3,2122025,26349,FI,9,9,7,9,8,2.5,5,4
ESS10e03_3,2122025,26364,FI,8,7,4,9,2,7.5,7,8
ESS10e03_3,2122025,26449,FI,7,8,6,8,7,7.5,5,6
ESS10e03_3,2122025,26456,FI,10,10,10,10,5,7.5,5,7
ESS10e03_3,2122025,26459,FI,6,7,5,4,8,5.0,6,7
ESS10e03_3,2122025,26469,FI,5,8,1,5,5,10.0,2,9
ESS10e03_3,2122025,26482,FI,4,9,4,9,4,10.0,5,10
ESS10e03_3,2122025,26488,FI,8,10,5,7,7,5.0,5,2
ESS10e03_3,2122025,26502,FI,8,9,5,9,6,7.5,6,9
ESS10e03_3,2122025,26513,FI,9,9,8,9,6,7.5,4,7
ESS10e03_3,2122025,26515,FI,7,8,4,8,9,7.5,9,8
ESS10e03_3,2122025,26516,FI,7,5,6,8,2,7.5,7,7
ESS10e03_3,2122025,26520,FI,9,9,8,9,6,5.0,8,7
ESS10e03_3,2122025,26536,FI,10,10,8,9,9,5.0,7,8
ESS10e03_3,2122025,26539,FI,9,8,8,9,2,5.0,8,9
ESS10e03_3,2122025,26559,FI,5,9,5,6,10,7.5,7,8
ESS10e03_3,2122025,26565,FI,7,9,5,10,7,10.0,5,0
ESS10e03_3,2122025,26572,FI,7,9,5,7,10,5.0,5,9
ESS10e03_3,2122025,26586,FI,3,4,3,4,5,5.0,3,2
ESS10e03_3,2122025,26597,FI,7,9,4,7,3,10.0,5,10
ESS10e03_3,2122025,26598,FI,8,8,8,8,7,10.0,2,3
ESS10e03_3,2122025,26610,FI,8,7,7,9,2,10.0,8,8
ESS10e03_3,2122025,26620,FI,6,10,7,8,9,2.5,10,10
ESS10e03_3,2122025,26633,FI,5,9,1,5,6,5.0,4,3
ESS10e03_3,2122025,26648,FI,8,8,7,9,7,7.5,6,8
ESS10e03_3,2122025,26658,FI,10,10,6,10,8,5.0,7,9
ESS10e03_3,2122025,26672,FI,9,9,6,8,8,,7,6
ESS10e03_3,2122025,26681,FI,6,9,3,5,8,7.5,5,7
ESS10e03_3,2122025,26684,FI,8,9,5,9,2,7.5,8,8
ESS10e03_3,2122025,26693,FI,9,9,6,9,7,2.5,4,1
ESS10e03_3,2122025,26720,FI,7,8,4,7,9,5.0,7,7
ESS10e03_3,2122025,26722,FI,7,7,7,8,2,7.5,5,10
ESS10e03_3,2122025,26735,FI,9,9,6,8,7,5.0,6,9
ESS10e03_3,2122025,26743,FI,9,8,5,9,3,7.5,9,10
ESS10e03_3,2122025,26772,FI,7,8,4,6,3,7.5,3,3
ESS10e03_3,2122025,26835,FI,8,9,8,7,2,7.5,5,8
ESS10e03_3,2122025,26856,FI,8,10,7,9,5,7.5,8,8
ESS10e03_3,2122025,26868,FI,5,5,5,5,5,10.0,1,1
ESS10e03_3,2122025,26876,FI,9,10,6,10,1,10.0,9,10
ESS10e03_3,2122025,26882,FI,9,10,7,9,2,10.0,8,9
ESS10e03_3,2122025,26895,FI,8,8,7,8,4,7.5,7,7
ESS10e03_3,2122025,26898,FI,5,10,7,9,5,10.0,5,5
ESS10e03_3,2122025,26907,FI,5,8,5,8,5,10.0,5,8
ESS10e03_3,2122025,26925,FI,9,10,7,8,5,7.5,3,7
ESS10e03_3,2122025,26928,FI,7,9,6,8,4,5.0,6,9
ESS10e03_3,2122025,26929,FI,8,9,7,9,4,7.5,5,6
ESS10e03_3,2122025,26931,FI,7,8,6,8,5,5.0,5,6
ESS10e03_3,2122025,26935,FI,4,7,4,5,6,5.0,5,5
ESS10e03_3,2122025,26952,FI,8,9,0,8,8,7.5,8,
ESS10e03_3,2122025,26965,FI,2,4,5,7,5,10.0,6,3
ESS10e03_3,2122025,26971,FI,8,9,7,9,5,7.5,6,8
ESS10e03_3,2122025,26973,FI,10,9,2,9,8,5.0,5,9
ESS10e03_3,2122025,26976,FI,5,6,5,6,4,7.5,5,8
ESS10e03_3,2122025,26981,FI,6,8,7,7,7,2.5,0,4
ESS10e03_3,2122025,26988,FI,8,9,4,7,8,7.5,5,7
ESS10e03_3,2122025,26996,FI,9,9,7,10,4,5.0,6,1
ESS10e03_3,2122025,27002,FI,7,8,2,1,5,7.5,8,4
ESS10e03_3,2122025,27011,FI,4,7,0,8,10,5.0,5,0
ESS10e03_3,2122025,27014,FI,9,10,4,8,5,10.0,8,8
ESS10e03_3,2122025,27017,FI,9,10,9,9,10,5.0,7,2
ESS10e03_3,2122025,27024,FI,6,8,7,9,4,10.0,7,7
ESS10e03_3,2122025,27028,FI,9,8,6,8,6,7.5,6,8
ESS10e03_3,2122025,27031,FI,7,9,3,8,8,5.0,5,6
ESS10e03_3,2122025,27038,FI,7,6,6,9,7,5.0,7,8
ESS10e03_3,2122025,27043,FI,8,8,7,8,4,5.0,7,8
ESS10e03_3,2122025,27049,FI,9,10,4,8,9,5.0,3,1
ESS10e03_3,2122025,27054,FI,7,9,7,10,8,5.0,5,8
ESS10e03_3,2122025,27065,FI,9,8,6,9,6,7.5,5,8
ESS10e03_3,2122025,27070,FI,6,8,4,5,8,5.0,6,6
ESS10e03_3,2122025,27079,FI,8,9,6,8,6,7.5,8,9
ESS10e03_3,2122025,27088,FI,9,9,4,9,4,7.5,7,7
ESS10e03_3,2122025,27111,FI,9,10,6,10,4,7.5,5,5
ESS10e03_3,2122025,27121,FI,8,9,6,9,7,2.5,8,9
ESS10e03_3,2122025,27140,FI,8,8,7,8,8,10.0,6,7
ESS10e03_3,2122025,27143,FI,3,3,2,3,10,2.5,3,7
ESS10e03_3,2122025,27177,FI,5,5,2,6,7,7.5,5,8
ESS10e03_3,2122025,27180,FI,4,9,0,3,,10.0,0,8
ESS10e03_3,2122025,27181,FI,8,9,1,7,5,7.5,8,9
ESS10e03_3,2122025,27188,FI,7,8,7,7,7,5.0,6,7
ESS10e03_3,2122025,27189,FI,9,9,7,8,4,7.5,8,10
ESS10e03_3,2122025,27190,FI,9,8,6,7,8,7.5,6,6
ESS10e03_3,2122025,27203,FI,8,9,8,9,7,5.0,7,6
ESS10e03_3,2122025,27229,FI,7,7,6,8,8,2.5,5,3
ESS10e03_3,2122025,27231,FI,9,9,7,9,6,7.5,8,8
ESS10e03_3,2122025,27272,FI,1,1,3,8,,,4,
ESS10e03_3,2122025,27277,FI,5,8,8,5,3,7.5,0,10
ESS10e03_3,2122025,27286,FI,9,8,7,8,4,7.5,5,9
ESS10e03_3,2122025,27303,FI,8,9,4,8,5,10.0,10,4
ESS10e03_3,2122025,27313,FI,9,8,6,9,4,5.0,8,9
ESS10e03_3,2122025,27347,FI,7,7,5,8,7,5.0,5,7
ESS10e03_3,2122025,27349,FI,7,7,6,7,5,5.0,3,2
ESS10e03_3,2122025,27351,FI,8,8,3,8,5,5.0,2,7
ESS10e03_3,2122025,27352,FI,10,10,6,9,10,10.0,6,9
ESS10e03_3,2122025,27367,FI,8,8,8,7,8,,7,8
ESS10e03_3,2122025,27374,FI,9,9,4,8,2,10.0,4,2
ESS10e03_3,2122025,27404,FI,7,8,6,8,4,7.5,9,8
ESS10e03_3,2122025,27407,FI,7,8,5,6,3,7.5,4,7
ESS10e03_3,2122025,27408,FI,7,8,6,6,7,10.0,6,8
ESS10e03_3,2122025,27410,FI,8,9,7,9,3,5.0,5,10
ESS10e03_3,2122025,27412,FI,2,6,4,9,5,7.5,5,7
ESS10e03_3,2122025,27423,FI,8,9,6,8,,7.5,,0
ESS10e03_3,2122025,27436,FI,9,9,6,8,6,2.5,8,9
ESS10e03_3,2122025,27452,FI,5,8,1,5,5,10.0,3,8
ESS10e03_3,2122025,27472,FI,8,9,8,6,8,5.0,2,8
ESS10e03_3,2122025,27474,FI,7,8,5,5,7,5.0,5,8
ESS10e03_3,2122025,27481,FI,4,8,4,3,10,10.0,6,5
ESS10e03_3,2122025,27489,FI,8,9,3,6,3,7.5,5,3
ESS10e03_3,2122025,27498,FI,6,8,4,7,8,10.0,6,6
ESS10e03_3,2122025,27502,FI,8,8,6,8,8,7.5,6,7
ESS10e03_3,2122025,27526,FI,1,0,3,8,6,5.0,5,2
ESS10e03_3,2122025,27528,FI,7,8,4,8,5,7.5,5,4
ESS10e03_3,2122025,27553,FI,9,9,8,9,8,10.0,6,10
ESS10e03_3,2122025,27554,FI,8,9,5,9,7,7.5,4,4
ESS10e03_3,2122025,27573,FI,10,10,8,10,9,2.5,9,9
ESS10e03_3,2122025,27576,FI,7,9,7,8,8,7.5,7,9
ESS10e03_3,2122025,27595,FI,9,9,5,5,4,7.5,5,8
ESS10e03_3,2122025,27600,FI,9,10,6,7,4,10.0,4,8
ESS10e03_3,2122025,27619,FI,8,9,5,7,8,5.0,3,10
ESS10e03_3,2122025,27623,FI,10,10,3,8,5,10.0,5,7
ESS10e03_3,2122025,27625,FI,8,8,7,8,7,7.5,5,
ESS10e03_3,2122025,27631,FI,9,9,6,10,6,5.0,7,9
ESS10e03_3,2122025,27655,FI,7,8,7,7,7,5.0,5,7
ESS10e03_3,2122025,27662,FI,9,9,6,8,9,2.5,8,5
ESS10e03_3,2122025,27665,FI,1,2,0,1,5,10.0,2,5
ESS10e03_3,2122025,27679,FI,9,8,5,7,8,7.5,3,6
ESS10e03_3,2122025,27697,FI,9,9,0,8,,5.0,5,8
ESS10e03_3,2122025,27703,FI,3,10,3,7,6,10.0,0,6
ESS10e03_3,2122025,27708,FI,4,9,1,8,5,7.5,4,9
ESS10e03_3,2122025,27718,FI,5,2,2,8,10,2.5,0,10
ESS10e03_3,2122025,27750,FI,7,7,6,7,1,7.5,7,7
ESS10e03_3,2122025,27764,FI,8,10,7,9,6,10.0,7,5
ESS10e03_3,2122025,27767,FI,10,10,5,9,7,7.5,8,6
ESS10e03_3,2122025,27772,FI,8,10,4,10,10,0.0,0,10
ESS10e03_3,2122025,27789,FI,8,9,2,2,8,2.5,1,6
ESS10e03_3,2122025,27800,FI,9,9,8,8,8,2.5,7,6
ESS10e03_3,2122025,27814,FI,8,8,7,8,6,7.5,7,6
ESS10e03_3,2122025,27815,FI,7,8,6,9,1,10.0,8,8
ESS10e03_3,2122025,27839,FI,9,9,6,9,5,7.5,7,7
ESS10e03_3,2122025,27841,FI,10,6,5,9,0,10.0,5,8
ESS10e03_3,2122025,27850,FI,9,9,3,8,5,7.5,6,6
ESS10e03_3,2122025,27868,FI,9,9,7,9,7,7.5,6,8
ESS10e03_3,2122025,27871,FI,8,9,0,5,5,10.0,2,8
ESS10e03_3,2122025,27876,FI,8,8,7,9,6,10.0,7,8
ESS10e03_3,2122025,27901,FI,5,8,2,9,3,5.0,6,7
ESS10e03_3,2122025,27905,FI,7,10,0,9,0,10.0,3,7
ESS10e03_3,2122025,27915,FI,8,9,7,8,9,10.0,5,8
ESS10e03_3,2122025,27921,FI,9,9,1,9,8,10.0,4,10
