name,proddate,idno,agegroup,cntry,gndr,trstlgl,trstplc,trstplt,trstsci,ccrdprs,gincdif,lrscale,imwbcnt,rlgdgr
ESS10e03_3,02.12.2025,50005,4,NL,1,9,8,8,9,8,7.5,2,7,6
ESS10e03_3,02.12.2025,50025,5,NL,2,6,7,4,5,7,7.5,6,5,3
ESS10e03_3,02.12.2025,50059,2,NL,2,9,8,8,10,7,5.0,8,6,7
ESS10e03_3,02.12.2025,50100,2,NL,2,4,7,5,7,6,7.5,4,5,2
ESS10e03_3,02.12.2025,50120,2,NL,1,7,7,4,5,6,2.5,4,3,0
ESS10e03_3,02.12.2025,50169,5,NL,1,9,9,5,9,7,7.5,7,8,1
ESS10e03_3,02.12.2025,50188,2,NL,1,8,7,0,8,2,5.0,8,5,0
ESS10e03_3,02.12.2025,50257,2,NL,1,7,6,7,8,7,7.5,7,6,3
ESS10e03_3,02.12.2025,50309,1,NL,1,9,7,6,9,0,2.5,9,7,0
ESS10e03_3,02.12.2025,50332,5,NL,1,5,6,3,8,8,7.5,,3,0
ESS10e03_3,02.12.2025,50337,7,NL,1,9,9,7,8,9,7.5,6,9,8
ESS10e03_3,02.12.2025,50339,7,NL,1,7,8,6,8,7,7.5,5,5,9
ESS10e03_3,02.12.2025,50340,6,NL,1,7,8,7,9,0,2.5,6,4,3
ESS10e03_3,02.12.2025,50343,2,NL,1,9,7,6,10,4,7.5,3,8,2
ESS10e03_3,02.12.2025,50407,2,NL,2,8,7,6,8,8,7.5,3,7,0
ESS10e03_3,02.12.2025,50449,2,NL,2,9,9,7,9,8,2.5,6,5,1
ESS10e03_3,02.12.2025,50523,2,NL,1,7,8,7,8,5,7.5,6,7,4
ESS10e03_3,02.12.2025,50556,4,NL,2,7,7,7,6,6,5.0,5,5,8
ESS10e03_3,02.12.2025,50567,3,NL,2,8,8,5,8,8,10.0,9,5,6
ESS10e03_3,02.12.2025,50654,2,NL,2,7,7,5,8,10,7.5,0,8,3
ESS10e03_3,02.12.2025,50655,7,NL,2,8,8,7,7,8,7.5,3,6,8
ESS10e03_3,02.12.2025,50672,1,NL,2,6,7,6,8,4,2.5,7,5,2
ESS10e03_3,02.12.2025,50703,6,NL,1,8,8,5,7,8,7.5,6,6,7
ESS10e03_3,02.12.2025,50729,7,NL,2,8,8,8,8,8,5.0,3,6,2
ESS10e03_3,02.12.2025,50781,5,NL,2,6,8,6,7,5,5.0,5,4,0
ESS10e03_3,02.12.2025,50820,2,NL,2,7,8,5,8,5,7.5,3,5,6
ESS10e03_3,02.12.2025,50840,6,NL,2,1,8,5,10,5,7.5,6,5,6
ESS10e03_3,02.12.2025,50841,1,NL,2,8,10,9,7,7,7.5,7,7,1
ESS10e03_3,02.12.2025,50875,5,NL,2,9,8,7,9,9,7.5,2,5,5
ESS10e03_3,02.12.2025,50885,6,NL,2,7,7,7,6,9,10.0,0,7,9
ESS10e03_3,02.12.2025,50895,5,NL,2,5,6,5,6,8,10.0,7,7,2
ESS10e03_3,02.12.2025,50924,6,NL,1,8,8,7,8,7,7.5,3,4,6
ESS10e03_3,02.12.2025,50928,7,NL,2,,8,5,7,7,7.5,2,7,0
ESS10e03_3,02.12.2025,50941,6,NL,2,4,6,3,5,8,10.0,5,7,7
ESS10e03_3,02.12.2025,50959,2,NL,2,4,5,3,4,0,5.0,5,5,0
ESS10e03_3,02.12.2025,50968,4,NL,1,8,8,7,6,5,7.5,6,8,0
ESS10e03_3,02.12.2025,50984,4,NL,1,7,8,7,7,7,5.0,7,8,5
ESS10e03_3,02.12.2025,50989,2,NL,2,8,8,4,9,8,2.5,4,5,0
ESS10e03_3,02.12.2025,51021,4,NL,1,8,7,5,7,8,5.0,7,5,3
ESS10e03_3,02.12.2025,51026,3,NL,1,8,8,7,8,7,7.5,4,5,2
ESS10e03_3,02.12.2025,51032,6,NL,1,7,7,6,8,8,10.0,4,4,3
ESS10e03_3,02.12.2025,51064,5,NL,1,4,5,3,6,3,2.5,6,6,1
ESS10e03_3,02.12.2025,51107,1,NL,2,6,8,5,8,4,7.5,6,7,8
ESS10e03_3,02.12.2025,51190,7,NL,1,0,10,0,7,9,2.5,5,1,5
ESS10e03_3,02.12.2025,51195,4,NL,1,9,8,6,9,8,10.0,3,8,5
ESS10e03_3,02.12.2025,51212,6,NL,1,7,7,6,7,8,7.5,6,6,1
ESS10e03_3,02.12.2025,51269,2,NL,1,8,8,7,9,3,7.5,6,6,1
ESS10e03_3,02.12.2025,51279,3,NL,2,8,9,7,8,8,7.5,5,7,7
ESS10e03_3,02.12.2025,51283,2,NL,1,2,3,0,2,8,2.5,7,5,0
ESS10e03_3,02.12.2025,51301,2,NL,2,9,8,6,8,10,7.5,5,,6
ESS10e03_3,02.12.2025,51311,4,NL,2,3,4,2,,,2.5,,,0
ESS10e03_3,02.12.2025,51313,2,NL,1,10,8,2,8,4,2.5,3,6,0
ESS10e03_3,02.12.2025,51337,3,NL,2,8,7,6,8,8,7.5,8,7,10
ESS10e03_3,02.12.2025,51347,2,NL,1,3,2,4,5,7,5.0,8,3,2
ESS10e03_3,02.12.2025,51364,3,NL,1,7,8,2,9,10,2.5,0,8,10
ESS10e03_3,02.12.2025,51389,5,NL,1,7,7,3,7,8,5.0,8,6,7
ESS10e03_3,02.12.2025,51408,7,NL,1,5,6,5,4,6,2.5,8,5,5
ESS10e03_3,02.12.2025,51424,7,NL,1,7,7,7,8,6,10.0,3,8,6
ESS10e03_3,02.12.2025,51469,6,NL,1,8,9,5,9,9,10.0,4,9,1
ESS10e03_3,02.12.2025,51486,4,NL,2,7,8,7,9,7,5.0,4,6,5
ESS10e03_3,02.12.2025,51501,5,NL,2,5,6,7,8,5,5.0,6,4,6
ESS10e03_3,02.12.2025,51534,7,NL,1,9,9,6,8,6,7.5,6,5,7
ESS10e03_3,02.12.2025,51535,3,NL,2,2,7,1,6,8,2.5,7,7,7
ESS10e03_3,02.12.2025,51552,5,NL,1,5,7,3,7,6,7.5,8,4,1
ESS10e03_3,02.12.2025,51556,7,NL,2,8,7,3,9,9,7.5,4,5,10
ESS10e03_3,02.12.2025,51565,2,NL,2,5,7,5,,10,10.0,7,5,0
ESS10e03_3,02.12.2025,51623,4,NL,2,6,8,3,8,0,5.0,6,4,0
ESS10e03_3,02.12.2025,51627,4,NL,2,7,7,7,6,7,5.0,5,5,6
ESS10e03_3,02.12.2025,51692,1,NL,1,5,6,5,7,6,7.5,2,4,1
ESS10e03_3,02.12.2025,51711,6,NL,2,5,7,4,6,4,7.5,5,6,7
ESS10e03_3,02.12.2025,51721,3,NL,2,9,10,7,7,8,7.5,2,9,10
ESS10e03_3,02.12.2025,51773,6,NL,2,3,6,5,5,7,2.5,8,,5
ESS10e03_3,02.12.2025,51830,2,NL,2,8,8,7,9,9,10.0,3,8,3
ESS10e03_3,02.12.2025,51842,2,NL,2,4,5,5,8,7,7.5,3,7,4
ESS10e03_3,02.12.2025,51845,3,NL,2,5,0,0,2,4,7.5,10,2,0
ESS10e03_3,02.12.2025,51856,1,NL,1,6,7,4,7,5,5.0,,5,3
ESS10e03_3,02.12.2025,51861,3,NL,1,7,8,2,,2,7.5,8,5,6
ESS10e03_3,02.12.2025,51918,7,NL,2,8,9,7,8,7,7.5,5,5,6
ESS10e03_3,02.12.2025,51924,7,NL,1,6,10,7,8,7,10.0,6,5,6
ESS10e03_3,02.12.2025,51958,1,NL,1,6,0,4,,8,10.0,0,2,0
ESS10e03_3,02.12.2025,51998,5,NL,2,4,7,8,8,5,7.5,5,4,6
ESS10e03_3,02.12.2025,52025,3,NL,2,8,8,7,9,6,2.5,7,4,1
ESS10e03_3,02.12.2025,52054,5,NL,1,7,7,1,9,5,7.5,4,3,0
ESS10e03_3,02.12.2025,52076,6,NL,1,8,9,5,9,9,7.5,5,7,3
ESS10e03_3,02.12.2025,52086,7,NL,2,6,7,6,7,8,7.5,6,8,0
ESS10e03_3,02.12.2025,52099,4,NL,2,6,7,7,8,8,7.5,7,7,2
ESS10e03_3,02.12.2025,52102,4,NL,2,8,9,4,9,7,7.5,5,6,0
ESS10e03_3,02.12.2025,52105,7,NL,1,8,8,6,7,6,10.0,7,5,8
ESS10e03_3,02.12.2025,52120,5,NL,2,1,,,5,0,5.0,5,7,10
ESS10e03_3,02.12.2025,52203,1,NL,1,6,7,4,7,4,7.5,7,6,2
ESS10e03_3,02.12.2025,52227,1,NL,2,7,9,8,10,6,2.5,6,6,0
ESS10e03_3,02.12.2025,52240,2,NL,2,7,8,6,9,5,10.0,1,7,2
ESS10e03_3,02.12.2025,52255,1,NL,2,6,2,4,8,5,5.0,8,6,6
ESS10e03_3,02.12.2025,52265,1,NL,1,8,3,7,6,7,5.0,5,5,0
ESS10e03_3,02.12.2025,52269,6,NL,1,8,8,7,8,8,7.5,3,7,1
ESS10e03_3,02.12.2025,52324,4,NL,2,1,5,3,4,4,10.0,5,5,6
ESS10e03_3,02.12.2025,52330,4,NL,2,6,7,6,7,8,10.0,2,5,6
ESS10e03_3,02.12.2025,52335,5,NL,1,5,5,3,6,6,0.0,7,4,4
ESS10e03_3,02.12.2025,52354,1,NL,2,6,8,5,8,5,7.5,,5,8
ESS10e03_3,02.12.2025,52365,5,NL,2,4,6,2,8,5,2.5,7,8,0
ESS10e03_3,02.12.2025,52366,5,NL,1,9,7,6,7,3,2.5,8,6,5
ESS10e03_3,02.12.2025,52371,6,NL,2,1,5,5,5,6,7.5,5,6,6
ESS10e03_3,02.12.2025,52413,1,NL,2,5,7,5,7,7,7.5,3,5,2
ESS10e03_3,02.12.2025,52487,7,NL,2,6,8,6,8,7,5.0,5,6,9
ESS10e03_3,02.12.2025,52515,4,NL,2,5,5,4,6,7,10.0,,4,6
ESS10e03_3,02.12.2025,52517,7,NL,2,5,9,8,7,7,7.5,8,5,5
ESS10e03_3,02.12.2025,52529,4,NL,2,8,9,6,8,6,7.5,5,6,0
ESS10e03_3,02.12.2025,52549,4,NL,2,8,8,7,8,7,5.0,6,7,1
ESS10e03_3,02.12.2025,52576,1,NL,2,8,6,8,8,8,7.5,5,7,1
ESS10e03_3,02.12.2025,52608,1,NL,1,4,6,3,7,3,7.5,7,4,3
ESS10e03_3,02.12.2025,52644,2,NL,2,8,9,7,10,7,7.5,6,7,1
ESS10e03_3,02.12.2025,52654,4,NL,2,6,7,6,7,8,10.0,5,5,4
ESS10e03_3,02.12.2025,52752,6,NL,1,8,7,6,8,8,10.0,6,6,6
ESS10e03_3,02.12.2025,52753,7,NL,2,6,7,5,7,7,10.0,3,7,3
ESS10e03_3,02.12.2025,52772,5,NL,1,8,8,6,8,7,5.0,5,7,10
ESS10e03_3,02.12.2025,52776,1,NL,2,7,7,6,9,7,10.0,2,6,2
ESS10e03_3,02.12.2025,52791,1,NL,1,8,8,8,10,8,10.0,3,5,0
ESS10e03_3,02.12.2025,52795,3,NL,2,6,7,5,7,4,2.5,8,7,0
ESS10e03_3,02.12.2025,52797,5,NL,2,3,9,5,6,8,7.5,8,3,0
ESS10e03_3,02.12.2025,52800,4,NL,2,6,7,6,7,8,7.5,7,8,7
ESS10e03_3,02.12.2025,52812,3,NL,1,9,9,7,8,10,7.5,6,7,5
ESS10e03_3,02.12.2025,52817,5,NL,2,8,7,6,8,10,7.5,5,6,1
ESS10e03_3,02.12.2025,52831,3,NL,1,5,5,0,9,3,5.0,5,5,10
ESS10e03_3,02.12.2025,52857,5,NL,1,8,9,8,9,8,10.0,4,8,0
ESS10e03_3,02.12.2025,52912,6,NL,1,5,8,2,8,7,7.5,4,3,2
ESS10e03_3,02.12.2025,52939,7,NL,1,0,4,1,6,10,10.0,0,7,3
ESS10e03_3,02.12.2025,52963,6,NL,1,8,8,5,8,6,7.5,6,7,5
ESS10e03_3,02.12.2025,52999,1,NL,1,9,7,7,9,7,7.5,7,6,5
ESS10e03_3,02.12.2025,53051,5,NL,1,10,7,6,9,7,7.5,4,7,5
ESS10e03_3,02.12.2025,53061,4,NL,2,5,7,5,6,8,10.0,5,6,7
ESS10e03_3,02.12.2025,53089,3,NL,1,8,5,3,9,5,10.0,3,8,10
ESS10e03_3,02.12.2025,53092,5,NL,1,8,8,7,9,3,5.0,5,9,6
ESS10e03_3,02.12.2025,53132,2,NL,1,9,7,4,9,3,10.0,3,7,0
ESS10e03_3,02.12.2025,53139,4,NL,2,7,7,6,7,6,7.5,4,7,0
ESS10e03_3,02.12.2025,53157,6,NL,2,8,7,7,9,8,7.5,5,7,6
ESS10e03_3,02.12.2025,53163,4,NL,1,6,8,6,7,8,7.5,2,5,6
ESS10e03_3,02.12.2025,53180,7,NL,1,8,7,7,8,7,7.5,6,4,5
ESS10e03_3,02.12.2025,53193,6,NL,2,7,8,6,7,8,5.0,5,5,9
ESS10e03_3,02.12.2025,53201,4,NL,1,6,6,6,7,5,5.0,7,,3
ESS10e03_3,02.12.2025,53205,7,NL,2,6,9,8,8,6,5.0,6,7,2
ESS10e03_3,02.12.2025,53214,7,NL,2,5,7,5,7,7,10.0,5,5,4
ESS10e03_3,02.12.2025,53221,6,NL,2,5,7,0,5,5,10.0,8,4,6
ESS10e03_3,02.12.2025,53313,4,NL,1,8,7,7,9,7,2.5,8,7,10
ESS10e03_3,02.12.2025,53319,6,NL,2,6,8,6,7,9,10.0,2,8,5
ESS10e03_3,02.12.2025,53320,5,NL,1,8,9,8,8,3,2.5,7,5,8
ESS10e03_3,02.12.2025,53335,3,NL,1,6,7,1,3,5,2.5,6,5,1
ESS10e03_3,02.12.2025,53345,3,NL,2,5,7,4,7,3,5.0,5,5,8
ESS10e03_3,02.12.2025,53458,4,NL,1,1,8,1,8,7,5.0,5,5,2
ESS10e03_3,02.12.2025,53479,6,NL,1,9,7,6,8,8,10.0,5,5,0
ESS10e03_3,02.12.2025,53514,3,NL,1,8,7,7,8,7,10.0,2,8,1
ESS10e03_3,02.12.2025,53525,6,NL,2,6,8,5,8,8,7.5,5,4,6
ESS10e03_3,02.12.2025,53544,2,NL,1,9,8,7,9,8,10.0,4,,9
ESS10e03_3,02.12.2025,53588,4,NL,2,8,8,7,9,7,2.5,8,5,8
ESS10e03_3,02.12.2025,53592,3,NL,1,6,7,6,7,7,10.0,6,5,5
ESS10e03_3,02.12.2025,53593,4,NL,2,8,8,7,8,7,7.5,3,8,3
ESS10e03_3,02.12.2025,53601,2,NL,2,8,8,5,9,8,7.5,3,5,1
ESS10e03_3,02.12.2025,53605,5,NL,2,8,7,6,8,8,5.0,6,5,0
ESS10e03_3,02.12.2025,53620,5,NL,2,8,9,6,8,8,7.5,7,7,5
ESS10e03_3,02.12.2025,53697,2,NL,1,5,3,1,0,7,7.5,3,,8
ESS10e03_3,02.12.2025,53711,4,NL,2,3,8,2,8,8,10.0,2,5,10
ESS10e03_3,02.12.2025,53754,3,NL,2,3,3,0,0,7,7.5,,0,0
ESS10e03_3,02.12.2025,53771,5,NL,1,8,8,7,7,7,10.0,5,6,6
ESS10e03_3,02.12.2025,53775,5,NL,1,3,7,4,8,3,7.5,7,4,0
ESS10e03_3,02.12.2025,53792,1,NL,1,4,6,4,8,6,5.0,5,5,0
ESS10e03_3,02.12.2025,53793,4,NL,2,9,9,5,7,9,10.0,3,9,10
ESS10e03_3,02.12.2025,53800,5,NL,2,6,7,6,7,6,5.0,,6,6
ESS10e03_3,02.12.2025,53837,1,NL,1,6,8,6,10,7,10.0,7,4,4
ESS10e03_3,02.12.2025,53866,5,NL,1,8,7,6,8,6,7.5,4,8,0
ESS10e03_3,02.12.2025,53871,4,NL,2,8,9,8,9,8,7.5,6,5,4
ESS10e03_3,02.12.2025,53894,2,NL,2,7,8,5,8,7,7.5,,5,0
ESS10e03_3,02.12.2025,53916,2,NL,2,9,10,10,10,7,2.5,,7,8
ESS10e03_3,02.12.2025,53918,4,NL,1,3,5,1,7,5,7.5,7,3,5
ESS10e03_3,02.12.2025,53939,3,NL,1,9,8,7,8,9,5.0,8,7,0
ESS10e03_3,02.12.2025,53983,6,NL,2,7,8,5,7,7,5.0,5,6,6
ESS10e03_3,02.12.2025,54017,6,NL,1,7,9,6,7,5,7.5,5,5,7
ESS10e03_3,02.12.2025,54019,6,NL,2,5,6,7,5,8,5.0,6,5,9
ESS10e03_3,02.12.2025,54030,1,NL,1,7,8,6,8,8,2.5,4,4,2
ESS10e03_3,02.12.2025,54042,2,NL,1,7,8,7,8,2,5.0,7,7,0
ESS10e03_3,02.12.2025,54046,3,NL,2,7,7,6,8,7,10.0,5,9,10
ESS10e03_3,02.12.2025,54060,5,NL,1,9,9,4,9,4,7.5,6,8,3
ESS10e03_3,02.12.2025,54070,1,NL,1,7,8,6,8,3,5.0,5,5,0
ESS10e03_3,02.12.2025,54079,5,NL,1,6,5,5,8,8,7.5,5,7,2
ESS10e03_3,02.12.2025,54118,3,NL,2,0,7,0,6,5,10.0,5,5,0
ESS10e03_3,02.12.2025,54153,6,NL,1,2,7,0,5,2,2.5,5,1,5
ESS10e03_3,02.12.2025,54174,5,NL,1,6,7,4,7,5,5.0,5,4,4
ESS10e03_3,02.12.2025,54183,1,NL,1,7,8,6,9,3,7.5,6,7,6
ESS10e03_3,02.12.2025,54184,3,NL,1,8,8,6,6,2,2.5,8,5,9
ESS10e03_3,02.12.2025,54187,3,NL,1,8,8,6,9,7,7.5,7,7,5
ESS10e03_3,02.12.2025,54195,6,NL,2,7,8,5,7,7,7.5,0,8,7
ESS10e03_3,02.12.2025,54216,6,NL,1,7,8,5,8,7,10.0,7,8,7
ESS10e03_3,02.12.2025,54249,3,NL,1,6,9,6,5,7,7.5,8,4,10
ESS10e03_3,02.12.2025,54259,7,NL,2,5,6,5,10,3,7.5,5,5,0
ESS10e03_3,02.12.2025,54265,4,NL,1,6,8,7,8,8,7.5,8,4,5
ESS10e03_3,02.12.2025,54289,2,NL,2,9,8,8,9,8,7.5,3,5,0
ESS10e03_3,02.12.2025,54293,6,NL,2,8,8,6,8,7,7.5,5,7,5
ESS10e03_3,02.12.2025,54297,2,NL,2,9,9,6,9,8,7.5,4,6,0
ESS10e03_3,02.12.2025,54299,4,NL,2,8,8,6,9,10,0.0,5,4,0
ESS10e03_3,02.12.2025,54309,6,NL,1,7,7,6,8,0,5.0,5,7,10
ESS10e03_3,02.12.2025,54323,1,NL,2,7,7,7,9,6,2.5,3,5,0
ESS10e03_3,02.12.2025,54375,3,NL,1,8,6,5,8,7,2.5,8,6,2
ESS10e03_3,02.12.2025,54400,4,NL,1,9,8,7,8,9,10.0,4,8,0
ESS10e03_3,02.12.2025,54409,3,NL,1,5,5,5,8,7,2.5,7,7,0
ESS10e03_3,02.12.2025,54430,3,NL,1,7,8,6,7,7,7.5,7,5,3
ESS10e03_3,02.12.2025,54433,6,NL,1,6,7,6,7,7,7.5,6,5,0
ESS10e03_3,02.12.2025,54450,2,NL,1,7,8,7,9,8,10.0,3,,1
ESS10e03_3,02.12.2025,54474,7,NL,1,7,8,6,,5,7.5,6,2,8
ESS10e03_3,02.12.2025,54509,2,NL,2,4,5,3,0,4,10.0,0,5,9
ESS10e03_3,02.12.2025,54536,4,NL,1,7,6,4,6,8,2.5,4,3,5
ESS10e03_3,02.12.2025,54553,6,NL,2,2,2,2,2,1,7.5,,5,7
ESS10e03_3,02.12.2025,54558,6,NL,1,8,8,7,9,3,7.5,7,6,1
ESS10e03_3,02.12.2025,54579,5,NL,1,9,7,5,8,4,5.0,5,5,3
ESS10e03_3,02.12.2025,54585,1,NL,1,8,6,5,8,4,5.0,9,4,2
ESS10e03_3,02.12.2025,54595,3,NL,1,6,7,3,7,7,5.0,7,5,5
ESS10e03_3,02.12.2025,54598,2,NL,1,5,9,8,5,8,5.0,5,10,0
ESS10e03_3,02.12.2025,54613,2,NL,2,8,6,5,8,5,5.0,6,9,7
ESS10e03_3,02.12.2025,54631,3,NL,1,7,3,5,9,10,10.0,3,10,0
ESS10e03_3,02.12.2025,54764,5,NL,2,1,4,1,7,6,10.0,6,4,0
ESS10e03_3,02.12.2025,54767,6,NL,2,8,9,5,6,7,7.5,4,5,7
ESS10e03_3,02.12.2025,54779,3,NL,1,8,8,2,8,5,2.5,5,5,0
ESS10e03_3,02.12.2025,54784,4,NL,2,1,5,5,5,6,10.0,3,5,8
ESS10e03_3,02.12.2025,54787,5,NL,1,9,8,7,10,8,7.5,5,10,8
ESS10e03_3,02.12.2025,54841,2,NL,2,5,6,4,9,6,10.0,,5,2
ESS10e03_3,02.12.2025,54844,1,NL,2,2,7,3,3,10,10.0,7,5,5
ESS10e03_3,02.12.2025,54925,1,NL,2,7,9,5,8,7,10.0,6,6,5
ESS10e03_3,02.12.2025,54932,5,NL,2,5,8,5,5,8,5.0,5,5,6
ESS10e03_3,02.12.2025,55011,2,NL,1,7,7,6,8,8,7.5,7,5,3
ESS10e03_3,02.12.2025,55017,2,NL,1,7,9,4,9,8,10.0,4,4,8
ESS10e03_3,02.12.2025,55071,5,NL,1,10,10,5,10,4,10.0,4,6,2
ESS10e03_3,02.12.2025,55094,6,NL,1,6,7,6,8,9,10.0,5,9,8
ESS10e03_3,02.12.2025,55098,3,NL,1,7,8,6,7,3,2.5,7,4,10
ESS10e03_3,02.12.2025,55133,5,NL,2,2,5,3,5,8,5.0,10,1,1
ESS10e03_3,02.12.2025,55136,4,NL,2,7,8,5,9,7,5.0,8,5,0
ESS10e03_3,02.12.2025,55168,5,NL,1,7,6,4,7,8,7.5,3,6,5
ESS10e03_3,02.12.2025,55189,6,NL,2,0,5,0,8,6,7.5,,2,0
ESS10e03_3,02.12.2025,55252,1,NL,2,10,8,7,9,9,2.5,6,6,5
ESS10e03_3,02.12.2025,55288,1,NL,2,8,8,8,7,4,7.5,10,8,7
ESS10e03_3,02.12.2025,55298,5,NL,1,6,6,0,7,8,10.0,4,3,10
ESS10e03_3,02.12.2025,55383,5,NL,1,8,7,5,8,7,5.0,6,7,7
ESS10e03_3,02.12.2025,55406,5,NL,1,8,8,7,8,8,7.5,7,7,5
ESS10e03_3,02.12.2025,55450,1,NL,2,8,6,6,8,7,,3,5,3
ESS10e03_3,02.12.2025,55458,3,NL,2,4,8,2,8,8,7.5,6,6,6
ESS10e03_3,02.12.2025,55480,2,NL,2,8,8,,8,7,7.5,3,6,10
ESS10e03_3,02.12.2025,55553,1,NL,1,7,5,3,10,4,10.0,4,5,1
ESS10e03_3,02.12.2025,55562,4,NL,2,8,6,7,3,8,7.5,4,5,7
ESS10e03_3,02.12.2025,55565,7,NL,1,7,7,3,7,7,10.0,7,5,7
ESS10e03_3,02.12.2025,55589,5,NL,1,7,8,6,5,5,7.5,8,6,7
ESS10e03_3,02.12.2025,55591,2,NL,1,6,7,5,8,0,5.0,6,5,5
ESS10e03_3,02.12.2025,55597,6,NL,2,8,8,7,8,8,7.5,3,7,6
ESS10e03_3,02.12.2025,55618,2,NL,2,1,8,2,7,6,5.0,4,6,3
ESS10e03_3,02.12.2025,55635,1,NL,1,7,6,5,7,4,7.5,6,7,0
ESS10e03_3,02.12.2025,55659,6,NL,1,5,5,0,6,8,10.0,5,5,0
ESS10e03_3,02.12.2025,55665,2,NL,2,9,8,7,8,5,5.0,6,7,0
ESS10e03_3,02.12.2025,55680,2,NL,1,8,7,5,9,8,7.5,2,6,2
ESS10e03_3,02.12.2025,55686,7,NL,2,2,8,4,6,4,,10,,10
ESS10e03_3,02.12.2025,55708,3,NL,2,8,8,3,8,8,10.0,,10,8
ESS10e03_3,02.12.2025,55712,1,NL,2,6,5,7,8,6,7.5,3,5,8
ESS10e03_3,02.12.2025,55742,6,NL,1,8,7,3,8,7,7.5,8,7,0
ESS10e03_3,02.12.2025,55767,6,NL,2,7,9,7,8,8,7.5,4,2,0
ESS10e03_3,02.12.2025,55798,3,NL,1,9,9,6,9,5,7.5,6,7,2
ESS10e03_3,02.12.2025,55808,3,NL,1,6,6,5,5,8,2.5,3,5,6
ESS10e03_3,02.12.2025,55835,4,NL,2,8,8,6,8,6,5.0,4,5,4
ESS10e03_3,02.12.2025,55839,7,NL,2,5,5,2,,0,7.5,,,0
ESS10e03_3,02.12.2025,55849,4,NL,1,8,8,2,9,9,7.5,9,2,7
ESS10e03_3,02.12.2025,55852,6,NL,1,5,8,6,7,8,7.5,5,7,8
ESS10e03_3,02.12.2025,55863,3,NL,1,8,7,6,8,7,0.0,9,7,6
ESS10e03_3,02.12.2025,55870,3,NL,2,7,7,6,8,7,7.5,2,5,3
ESS10e03_3,02.12.2025,55902,5,NL,1,7,7,5,6,6,2.5,5,7,4
ESS10e03_3,02.12.2025,55936,4,NL,1,10,10,8,9,9,5.0,6,6,0
ESS10e03_3,02.12.2025,55984,6,NL,1,8,8,5,7,8,7.5,6,7,5
ESS10e03_3,02.12.2025,56036,3,NL,1,8,8,6,8,7,5.0,7,5,0
ESS10e03_3,02.12.2025,56083,3,NL,1,6,6,4,7,8,10.0,6,8,7
ESS10e03_3,02.12.2025,56087,5,NL,1,7,6,6,7,8,10.0,8,9,8
ESS10e03_3,02.12.2025,56094,3,NL,1,8,8,6,9,7,7.5,7,6,4
ESS10e03_3,02.12.2025,56104,4,NL,1,8,9,8,9,9,2.5,8,2,2
ESS10e03_3,02.12.2025,56106,4,NL,2,9,10,3,9,5,10.0,,5,4
ESS10e03_3,02.12.2025,56182,5,NL,1,8,7,0,8,7,10.0,2,8,0
ESS10e03_3,02.12.2025,56186,1,NL,2,7,5,6,7,8,5.0,5,5,1
ESS10e03_3,02.12.2025,56206,3,NL,2,4,6,2,7,9,7.5,6,5,4
ESS10e03_3,02.12.2025,56247,7,NL,2,3,8,2,8,8,10.0,,,3
ESS10e03_3,02.12.2025,56263,4,NL,2,6,7,4,5,8,7.5,4,5,9
ESS10e03_3,02.12.2025,56282,7,NL,1,7,7,6,8,6,10.0,4,7,4
ESS10e03_3,02.12.2025,56297,6,NL,2,8,7,4,8,7,10.0,7,7,2
ESS10e03_3,02.12.2025,56298,1,NL,2,6,7,6,10,6,7.5,,5,5
ESS10e03_3,02.12.2025,56301,2,NL,2,3,8,2,8,8,10.0,5,8,0
ESS10e03_3,02.12.2025,56338,5,NL,1,6,6,4,7,8,7.5,4,6,10
ESS10e03_3,02.12.2025,56353,4,NL,1,8,8,7,8,9,2.5,8,4,5
ESS10e03_3,02.12.2025,56365,4,NL,2,6,7,4,8,8,5.0,2,8,1
ESS10e03_3,02.12.2025,56366,2,NL,2,6,6,6,7,9,7.5,0,7,1
ESS10e03_3,02.12.2025,56373,5,NL,1,9,8,8,9,7,2.5,7,5,5
ESS10e03_3,02.12.2025,56381,4,NL,2,0,8,0,,9,2.5,5,3,4
ESS10e03_3,02.12.2025,56383,5,NL,2,7,7,7,9,10,10.0,2,6,6
ESS10e03_3,02.12.2025,56449,5,NL,1,8,8,6,8,5,7.5,3,6,10
ESS10e03_3,02.12.2025,56451,2,NL,1,8,9,6,8,8,5.0,3,7,0
ESS10e03_3,02.12.2025,56464,6,NL,1,8,8,2,8,5,10.0,5,6,3
ESS10e03_3,02.12.2025,56510,4,NL,1,8,10,,7,2,5.0,8,2,7
ESS10e03_3,02.12.2025,56594,4,NL,1,9,9,6,8,7,7.5,5,5,5
ESS10e03_3,02.12.2025,56614,3,NL,1,10,10,5,10,10,0.0,10,5,0
ESS10e03_3,02.12.2025,56618,2,NL,1,5,6,4,5,6,7.5,6,4,2
ESS10e03_3,02.12.2025,56644,3,NL,2,8,8,5,8,9,10.0,2,7,0
ESS10e03_3,02.12.2025,56659,1,NL,2,5,5,4,6,7,5.0,2,5,4
ESS10e03_3,02.12.2025,56684,4,NL,2,8,7,7,7,8,7.5,2,7,0
ESS10e03_3,02.12.2025,56685,3,NL,1,8,8,7,5,10,5.0,4,5,2
ESS10e03_3,02.12.2025,56687,4,NL,1,7,6,5,8,7,7.5,7,,0
ESS10e03_3,02.12.2025,56700,4,NL,1,8,8,6,8,8,10.0,4,5,2
ESS10e03_3,02.12.2025,56702,4,NL,1,7,9,5,8,8,7.5,5,10,0
ESS10e03_3,02.12.2025,56729,3,NL,1,7,7,5,9,7,2.5,7,5,0
ESS10e03_3,02.12.2025,56757,1,NL,1,5,6,3,8,4,7.5,8,3,6
ESS10e03_3,02.12.2025,56764,1,NL,2,9,10,5,9,9,2.5,3,9,3
ESS10e03_3,02.12.2025,56784,1,NL,2,8,9,6,8,5,7.5,6,7,1
ESS10e03_3,02.12.2025,56786,1,NL,2,,,,,5,7.5,5,7,7
ESS10e03_3,02.12.2025,56792,6,NL,1,9,9,6,8,1,,,2,8
ESS10e03_3,02.12.2025,56796,7,NL,2,6,6,5,6,8,7.5,5,7,7
ESS10e03_3,02.12.2025,56821,3,NL,1,7,6,3,8,0,2.5,9,5,3
ESS10e03_3,02.12.2025,56830,99,NL,2,9,1,8,,8,2.5,10,8,9
ESS10e03_3,02.12.2025,56852,5,NL,2,2,0,2,8,8,10.0,0,7,8
ESS10e03_3,02.12.2025,56911,2,NL,1,8,7,5,8,6,10.0,3,8,4
ESS10e03_3,02.12.2025,56932,4,NL,2,3,7,3,7,5,7.5,5,4,0
ESS10e03_3,02.12.2025,56955,4,NL,1,8,7,7,8,7,10.0,2,6,2
ESS10e03_3,02.12.2025,57017,7,NL,1,6,7,5,8,9,7.5,6,7,7
ESS10e03_3,02.12.2025,57048,5,NL,2,6,8,6,8,8,2.5,7,6,6
ESS10e03_3,02.12.2025,57118,5,NL,2,8,7,7,8,9,7.5,2,6,8
ESS10e03_3,02.12.2025,57121,4,NL,2,9,9,4,9,7,5.0,3,6,0
ESS10e03_3,02.12.2025,57161,6,NL,2,6,,4,7,2,10.0,3,9,0
ESS10e03_3,02.12.2025,57199,3,NL,2,7,8,5,9,8,7.5,4,5,6
ESS10e03_3,02.12.2025,57255,1,NL,1,8,10,6,6,8,7.5,8,10,2
ESS10e03_3,02.12.2025,57256,5,NL,2,8,3,6,8,7,7.5,5,6,5
ESS10e03_3,02.12.2025,57286,6,NL,1,8,8,7,9,7,10.0,4,7,7
ESS10e03_3,02.12.2025,57307,5,NL,2,4,7,3,7,4,5.0,6,7,6
ESS10e03_3,02.12.2025,57347,5,NL,2,5,7,2,6,8,10.0,2,5,5
ESS10e03_3,02.12.2025,57363,6,NL,2,8,8,4,9,10,10.0,3,8,0
ESS10e03_3,02.12.2025,57375,6,NL,2,7,7,2,3,7,10.0,6,3,7
ESS10e03_3,02.12.2025,57402,5,NL,1,8,7,3,9,8,2.5,6,5,10
ESS10e03_3,02.12.2025,57481,2,NL,1,4,5,7,9,8,7.5,5,8,2
ESS10e03_3,02.12.2025,57485,2,NL,1,6,8,6,8,7,2.5,5,5,8
ESS10e03_3,02.12.2025,57486,3,NL,1,1,5,0,2,1,7.5,5,1,1
ESS10e03_3,02.12.2025,57517,4,NL,2,1,8,4,5,4,2.5,5,8,8
ESS10e03_3,02.12.2025,57555,5,NL,2,5,7,5,5,5,5.0,8,7,4
ESS10e03_3,02.12.2025,57559,5,NL,2,7,5,4,7,8,10.0,4,5,1
ESS10e03_3,02.12.2025,57564,1,NL,2,8,8,7,9,7,7.5,3,7,1
ESS10e03_3,02.12.2025,57571,7,NL,2,1,7,6,5,0,10.0,7,6,2
ESS10e03_3,02.12.2025,57617,6,NL,2,5,7,4,8,8,2.5,8,6,8
ESS10e03_3,02.12.2025,57620,3,NL,2,9,10,7,9,5,7.5,3,7,1
ESS10e03_3,02.12.2025,57636,5,NL,2,6,10,6,8,9,10.0,7,7,7
ESS10e03_3,02.12.2025,57680,4,NL,2,9,9,7,8,7,7.5,4,7,0
ESS10e03_3,02.12.2025,57691,4,NL,1,1,1,1,4,4,2.5,9,0,10
ESS10e03_3,02.12.2025,57713,3,NL,1,8,6,6,,5,5.0,4,6,2
ESS10e03_3,02.12.2025,57719,1,NL,1,8,8,5,9,7,10.0,5,6,0
ESS10e03_3,02.12.2025,57736,1,NL,1,6,8,5,7,5,5.0,6,5,4
ESS10e03_3,02.12.2025,57744,3,NL,2,7,10,3,7,7,7.5,,6,9
ESS10e03_3,02.12.2025,57779,2,NL,2,8,9,6,10,6,7.5,3,9,6
ESS10e03_3,02.12.2025,57802,5,NL,1,5,8,7,8,10,10.0,4,7,10
ESS10e03_3,02.12.2025,57803,1,NL,1,8,9,5,5,4,5.0,6,5,5
ESS10e03_3,02.12.2025,57817,6,NL,1,6,7,5,8,7,10.0,3,6,5
ESS10e03_3,02.12.2025,57837,7,NL,1,6,7,7,7,10,5.0,6,7,10
ESS10e03_3,02.12.2025,57839,4,NL,1,7,8,3,7,6,7.5,8,4,8
ESS10e03_3,02.12.2025,57868,1,NL,1,9,7,8,9,6,2.5,8,4,10
ESS10e03_3,02.12.2025,57890,5,NL,2,7,7,6,7,6,7.5,5,6,6
ESS10e03_3,02.12.2025,57905,6,NL,2,4,6,4,7,6,,8,8,0
ESS10e03_3,02.12.2025,57915,5,NL,2,9,8,6,8,8,7.5,5,5,
ESS10e03_3,02.12.2025,58017,7,NL,1,8,8,5,8,8,7.5,10,6,9
ESS10e03_3,02.12.2025,58022,4,NL,2,6,6,4,,7,,5,,5
ESS10e03_3,02.12.2025,58066,3,NL,1,8,8,7,9,7,5.0,6,6,0
ESS10e03_3,02.12.2025,58084,6,NL,2,5,5,5,6,5,7.5,5,7,4
ESS10e03_3,02.12.2025,58106,6,NL,2,6,8,5,7,8,7.5,6,7,6
ESS10e03_3,02.12.2025,58113,5,NL,2,7,8,2,4,5,7.5,5,5,4
ESS10e03_3,02.12.2025,58223,1,NL,1,7,5,6,8,7,5.0,4,6,8
ESS10e03_3,02.12.2025,58224,5,NL,2,7,9,5,5,10,2.5,10,5,0
ESS10e03_3,02.12.2025,58227,6,NL,2,7,6,6,7,8,7.5,4,7,4
ESS10e03_3,02.12.2025,58233,2,NL,1,7,8,6,8,6,7.5,4,8,3
ESS10e03_3,02.12.2025,58266,6,NL,1,0,9,,,0,,,1,0
ESS10e03_3,02.12.2025,58277,6,NL,1,10,9,7,8,8,7.5,10,7,9
ESS10e03_3,02.12.2025,58303,4,NL,1,6,6,6,9,7,10.0,4,6,0
ESS10e03_3,02.12.2025,58304,3,NL,1,6,7,5,8,7,2.5,2,8,0
ESS10e03_3,02.12.2025,58323,2,NL,2,8,7,7,9,6,7.5,,4,1
ESS10e03_3,02.12.2025,58335,6,NL,2,6,7,7,8,8,7.5,6,7,8
ESS10e03_3,02.12.2025,58338,7,NL,1,6,7,5,6,7,5.0,6,7,6
ESS10e03_3,02.12.2025,58360,2,NL,2,8,8,4,5,8,10.0,3,6,0
ESS10e03_3,02.12.2025,58419,7,NL,2,6,6,7,6,7,7.5,4,8,2
ESS10e03_3,02.12.2025,58428,99,NL,1,10,10,8,,10,7.5,5,7,0
ESS10e03_3,02.12.2025,58482,5,NL,1,7,9,7,9,7,7.5,7,0,6
ESS10e03_3,02.12.2025,58505,4,NL,1,7,9,0,5,8,10.0,5,7,0
ESS10e03_3,02.12.2025,58515,6,NL,1,6,7,5,7,6,10.0,5,5,5
ESS10e03_3,02.12.2025,58527,4,NL,2,7,7,4,8,8,7.5,3,5,2
ESS10e03_3,02.12.2025,58561,2,NL,2,3,7,4,4,6,10.0,7,4,5
ESS10e03_3,02.12.2025,58570,4,NL,2,8,7,7,8,10,7.5,5,6,10
ESS10e03_3,02.12.2025,58598,7,NL,2,8,8,6,8,7,10.0,4,6,0
ESS10e03_3,02.12.2025,58634,2,NL,2,3,3,3,4,6,7.5,0,8,4
ESS10e03_3,02.12.2025,58664,5,NL,2,7,7,7,7,8,10.0,5,4,6
ESS10e03_3,02.12.2025,58671,3,NL,1,8,8,6,9,3,5.0,7,8,2
ESS10e03_3,02.12.2025,58691,2,NL,1,8,9,6,10,8,5.0,3,6,1
ESS10e03_3,02.12.2025,58719,7,NL,1,7,9,5,8,1,7.5,6,8,9
ESS10e03_3,02.12.2025,58738,1,NL,1,6,8,5,8,3,2.5,5,8,0
ESS10e03_3,02.12.2025,58758,1,NL,2,8,7,6,9,7,7.5,3,5,6
ESS10e03_3,02.12.2025,58821,5,NL,1,8,8,7,8,5,10.0,2,7,3
ESS10e03_3,02.12.2025,58834,6,NL,1,7,5,6,8,8,7.5,4,6,0
ESS10e03_3,02.12.2025,58837,5,NL,2,9,9,7,9,6,10.0,3,6,0
ESS10e03_3,02.12.2025,58844,3,NL,2,6,8,3,7,7,7.5,5,5,7
ESS10e03_3,02.12.2025,58850,2,NL,1,7,8,7,6,4,2.5,9,8,0
ESS10e03_3,02.12.2025,58872,5,NL,1,9,9,6,8,7,7.5,4,4,1
ESS10e03_3,02.12.2025,58878,4,NL,2,6,6,4,8,8,5.0,7,7,6
ESS10e03_3,02.12.2025,58888,5,NL,2,4,7,1,9,8,10.0,2,10,7
ESS10e03_3,02.12.2025,58902,7,NL,1,7,7,5,8,5,10.0,0,6,8
ESS10e03_3,02.12.2025,58919,7,NL,1,8,9,5,8,9,7.5,9,3,9
ESS10e03_3,02.12.2025,58921,5,NL,1,9,6,5,8,7,2.5,5,7,3
ESS10e03_3,02.12.2025,58925,4,NL,2,7,7,5,7,8,2.5,5,5,5
ESS10e03_3,02.12.2025,58930,6,NL,1,5,6,4,6,7,7.5,7,5,9
ESS10e03_3,02.12.2025,58962,4,NL,2,7,7,5,7,6,7.5,7,5,3
ESS10e03_3,02.12.2025,59005,4,NL,1,8,8,2,8,5,5.0,3,7,3
ESS10e03_3,02.12.2025,59008,6,NL,2,4,5,3,6,8,7.5,5,5,7
ESS10e03_3,02.12.2025,59018,2,NL,1,5,8,4,6,8,2.5,10,4,8
ESS10e03_3,02.12.2025,59039,6,NL,2,9,9,6,9,9,10.0,0,7,5
ESS10e03_3,02.12.2025,59049,4,NL,1,9,10,6,9,6,2.5,7,5,5
ESS10e03_3,02.12.2025,59059,2,NL,1,9,9,6,10,6,10.0,5,4,0
ESS10e03_3,02.12.2025,59085,5,NL,2,7,8,7,7,6,7.5,6,6,5
ESS10e03_3,02.12.2025,59088,5,NL,2,9,8,7,9,9,7.5,2,5,4
ESS10e03_3,02.12.2025,59099,4,NL,1,8,8,6,8,8,2.5,8,5,2
ESS10e03_3,02.12.2025,59101,3,NL,1,6,6,7,7,6,5.0,7,8,6
ESS10e03_3,02.12.2025,59105,7,NL,2,6,7,5,8,8,10.0,5,7,0
ESS10e03_3,02.12.2025,59121,1,NL,1,8,8,4,9,8,5.0,6,5,0
ESS10e03_3,02.12.2025,59128,5,NL,1,7,7,6,8,8,7.5,4,7,0
ESS10e03_3,02.12.2025,59132,1,NL,2,9,8,8,8,8,7.5,4,5,1
ESS10e03_3,02.12.2025,59145,4,NL,1,10,9,6,9,8,5.0,4,6,1
ESS10e03_3,02.12.2025,59159,5,NL,1,9,9,7,9,8,7.5,6,8,5
ESS10e03_3,02.12.2025,59205,2,NL,1,8,8,6,9,5,7.5,4,5,2
ESS10e03_3,02.12.2025,59245,5,NL,1,7,5,3,8,8,7.5,5,6,6
ESS10e03_3,02.12.2025,59265,7,NL,1,0,8,0,6,8,10.0,4,7,0
ESS10e03_3,02.12.2025,59276,7,NL,1,7,8,6,8,8,7.5,8,7,6
ESS10e03_3,02.12.2025,59282,6,NL,2,8,7,7,9,9,10.0,2,,
ESS10e03_3,02.12.2025,59305,4,NL,1,5,5,3,7,6,7.5,4,5,10
ESS10e03_3,02.12.2025,59356,5,NL,1,8,8,7,9,8,10.0,3,8,10
ESS10e03_3,02.12.2025,59391,3,NL,1,4,6,4,7,9,10.0,5,5,9
ESS10e03_3,02.12.2025,59417,4,NL,2,5,6,5,6,7,7.5,5,6,2
ESS10e03_3,02.12.2025,59459,1,NL,2,8,7,4,8,8,5.0,8,5,3
ESS10e03_3,02.12.2025,59482,2,NL,2,5,7,4,7,6,7.5,5,5,5
ESS10e03_3,02.12.2025,59505,4,NL,2,8,6,6,7,9,7.5,3,8,0
ESS10e03_3,02.12.2025,59517,1,NL,1,10,2,4,9,3,10.0,5,5,3
ESS10e03_3,02.12.2025,59529,4,NL,2,6,6,4,7,7,7.5,5,6,6
ESS10e03_3,02.12.2025,59576,3,NL,2,7,6,6,8,8,7.5,2,7,9
ESS10e03_3,02.12.2025,59587,2,NL,1,8,9,8,8,6,5.0,8,5,1
ESS10e03_3,02.12.2025,59647,3,NL,2,7,6,4,6,7,7.5,7,5,3
ESS10e03_3,02.12.2025,59659,6,NL,1,8,8,6,8,9,7.5,7,5,0
ESS10e03_3,02.12.2025,59694,2,NL,1,9,8,8,8,6,2.5,7,6,6
ESS10e03_3,02.12.2025,59715,6,NL,2,9,7,7,10,9,10.0,4,10,5
ESS10e03_3,02.12.2025,59820,1,NL,2,7,8,7,9,8,5.0,3,5,6
ESS10e03_3,02.12.2025,59822,3,NL,2,6,8,5,8,7,5.0,4,5,8
ESS10e03_3,02.12.2025,59889,5,NL,1,9,9,7,9,10,0.0,2,5,1
ESS10e03_3,02.12.2025,59914,2,NL,1,8,8,7,9,5,7.5,4,7,0
ESS10e03_3,02.12.2025,59961,5,NL,1,7,8,6,8,9,7.5,3,5,10
ESS10e03_3,02.12.2025,59964,5,NL,1,7,7,6,7,6,5.0,6,7,6
ESS10e03_3,02.12.2025,59974,1,NL,2,7,8,8,8,6,2.5,7,7,3
ESS10e03_3,02.12.2025,59993,5,NL,1,3,8,7,7,4,2.5,6,0,10
ESS10e03_3,02.12.2025,59998,2,NL,1,2,8,5,8,7,2.5,7,3,0
ESS10e03_3,02.12.2025,60027,6,NL,1,5,7,6,8,5,2.5,9,4,2
ESS10e03_3,02.12.2025,60031,5,NL,1,7,7,4,8,5,10.0,7,5,1
ESS10e03_3,02.12.2025,60042,3,NL,1,8,8,6,9,8,10.0,2,5,8
ESS10e03_3,02.12.2025,60065,5,NL,1,5,7,4,8,6,2.5,9,7,0
ESS10e03_3,02.12.2025,60078,4,NL,1,3,6,4,7,5,7.5,4,5,5
ESS10e03_3,02.12.2025,60083,1,NL,1,8,7,7,8,2,10.0,6,7,9
ESS10e03_3,02.12.2025,60102,6,NL,1,5,6,6,8,8,10.0,8,8,6
ESS10e03_3,02.12.2025,60104,5,NL,1,3,9,5,9,6,5.0,7,4,0
ESS10e03_3,02.12.2025,60105,4,NL,1,7,8,5,10,4,2.5,8,6,0
ESS10e03_3,02.12.2025,60116,2,NL,1,7,9,5,7,5,5.0,5,7,6
ESS10e03_3,02.12.2025,60158,6,NL,2,7,7,7,7,8,10.0,5,6,10
ESS10e03_3,02.12.2025,60175,2,NL,1,7,8,9,10,6,7.5,7,7,5
ESS10e03_3,02.12.2025,60210,6,NL,1,8,8,7,8,7,2.5,7,1,8
ESS10e03_3,02.12.2025,60228,6,NL,2,7,9,7,8,4,10.0,7,7,
ESS10e03_3,02.12.2025,60292,7,NL,2,8,8,7,9,7,10.0,6,6,6
ESS10e03_3,02.12.2025,60299,2,NL,1,7,7,2,5,4,5.0,7,5,8
ESS10e03_3,02.12.2025,60317,4,NL,2,8,9,7,9,5,10.0,4,5,0
ESS10e03_3,02.12.2025,60354,4,NL,1,7,8,6,8,7,7.5,5,5,0
ESS10e03_3,02.12.2025,60370,3,NL,1,8,6,4,8,8,2.5,9,5,1
ESS10e03_3,02.12.2025,60525,2,NL,2,9,10,8,8,9,7.5,2,7,8
ESS10e03_3,02.12.2025,60530,5,NL,2,7,7,5,7,8,7.5,3,4,3
ESS10e03_3,02.12.2025,60554,7,NL,1,9,9,6,9,8,10.0,10,5,7
ESS10e03_3,02.12.2025,60563,4,NL,2,6,7,5,,7,2.5,8,7,0
ESS10e03_3,02.12.2025,60609,5,NL,2,5,6,5,7,8,7.5,6,6,6
ESS10e03_3,02.12.2025,60628,3,NL,2,5,8,6,9,7,2.5,6,5,0
ESS10e03_3,02.12.2025,60631,5,NL,1,7,8,3,8,,7.5,5,,0
ESS10e03_3,02.12.2025,60639,5,NL,1,8,7,6,8,7,7.5,2,7,0
ESS10e03_3,02.12.2025,60692,4,NL,2,6,8,2,8,8,5.0,9,4,0
ESS10e03_3,02.12.2025,60701,1,NL,2,8,8,5,,4,5.0,4,6,2
ESS10e03_3,02.12.2025,60755,2,NL,2,9,9,7,9,9,2.5,4,5,6
ESS10e03_3,02.12.2025,60758,5,NL,2,4,6,4,5,7,5.0,7,6,4
ESS10e03_3,02.12.2025,60783,4,NL,1,9,9,6,9,7,7.5,5,7,0
ESS10e03_3,02.12.2025,60801,2,NL,1,8,9,8,9,9,5.0,7,7,2
ESS10e03_3,02.12.2025,60802,2,NL,1,6,5,10,1,8,10.0,1,8,10
ESS10e03_3,02.12.2025,60880,5,NL,1,7,8,1,7,7,5.0,,6,10
ESS10e03_3,02.12.2025,60886,7,NL,1,4,4,4,7,5,2.5,8,5,0
ESS10e03_3,02.12.2025,60906,4,NL,1,2,4,5,,7,10.0,,6,7
ESS10e03_3,02.12.2025,60913,5,NL,1,7,8,7,6,6,7.5,7,,5
ESS10e03_3,02.12.2025,60945,3,NL,1,7,6,2,8,5,,,7,1
ESS10e03_3,02.12.2025,60947,7,NL,1,6,6,4,8,7,10.0,5,6,7
ESS10e03_3,02.12.2025,60990,3,NL,2,7,7,5,7,7,7.5,5,5,0
ESS10e03_3,02.12.2025,61005,3,NL,1,1,3,1,6,1,5.0,9,1,0
ESS10e03_3,02.12.2025,61031,5,NL,2,7,8,6,7,7,7.5,5,5,9
ESS10e03_3,02.12.2025,61044,4,NL,2,7,8,6,7,7,7.5,,5,6
ESS10e03_3,02.12.2025,61053,4,NL,1,8,9,4,9,8,10.0,3,7,0
ESS10e03_3,02.12.2025,61061,5,NL,1,4,6,5,6,7,7.5,5,6,6
ESS10e03_3,02.12.2025,61092,4,NL,1,5,8,4,5,9,7.5,4,8,8
ESS10e03_3,02.12.2025,61093,6,NL,1,2,7,1,8,7,10.0,8,2,4
ESS10e03_3,02.12.2025,61105,2,NL,1,8,8,3,9,5,7.5,5,2,0
ESS10e03_3,02.12.2025,61119,4,NL,1,3,2,10,8,7,7.5,5,5,10
ESS10e03_3,02.12.2025,61120,2,NL,1,5,3,3,8,7,7.5,5,4,0
ESS10e03_3,02.12.2025,61125,99,NL,1,7,8,6,,7,5.0,6,6,7
ESS10e03_3,02.12.2025,61131,3,NL,1,9,8,6,10,6,5.0,7,5,0
ESS10e03_3,02.12.2025,61151,5,NL,2,8,8,5,8,8,7.5,3,7,7
ESS10e03_3,02.12.2025,61163,4,NL,2,8,8,7,8,7,10.0,7,,10
ESS10e03_3,02.12.2025,61165,3,NL,2,9,5,8,7,10,7.5,3,9,0
ESS10e03_3,02.12.2025,61177,1,NL,2,6,8,5,9,10,7.5,5,7,0
ESS10e03_3,02.12.2025,61204,6,NL,2,7,7,5,6,5,10.0,8,5,3
ESS10e03_3,02.12.2025,61216,4,NL,2,5,7,4,5,8,7.5,5,8,10
ESS10e03_3,02.12.2025,61256,5,NL,2,8,8,6,4,7,5.0,5,5,3
ESS10e03_3,02.12.2025,61287,7,NL,1,5,6,6,7,7,0.0,7,4,10
ESS10e03_3,02.12.2025,61348,6,NL,1,6,7,5,8,0,2.5,6,4,5
ESS10e03_3,02.12.2025,61349,6,NL,2,7,6,5,9,9,7.5,4,6,4
ESS10e03_3,02.12.2025,61406,3,NL,2,6,8,3,8,6,7.5,10,1,0
ESS10e03_3,02.12.2025,61407,3,NL,2,5,7,5,7,6,7.5,5,5,7
ESS10e03_3,02.12.2025,61464,1,NL,2,7,7,6,8,6,5.0,6,5,2
ESS10e03_3,02.12.2025,61504,6,NL,1,7,7,6,8,8,10.0,2,5,1
ESS10e03_3,02.12.2025,61521,7,NL,2,8,8,7,9,7,7.5,4,6,3
ESS10e03_3,02.12.2025,61533,5,NL,2,9,7,7,8,10,10.0,3,10,1
ESS10e03_3,02.12.2025,61556,4,NL,2,4,6,5,6,7,7.5,5,6,6
ESS10e03_3,02.12.2025,61574,2,NL,1,7,8,6,10,9,7.5,7,5,2
ESS10e03_3,02.12.2025,61660,4,NL,1,7,8,7,9,8,5.0,3,,2
ESS10e03_3,02.12.2025,61665,7,NL,1,8,8,7,8,3,7.5,4,5,0
ESS10e03_3,02.12.2025,61706,2,NL,1,7,7,6,8,8,2.5,6,4,0
ESS10e03_3,02.12.2025,61727,7,NL,1,8,8,7,7,9,7.5,4,4,1
ESS10e03_3,02.12.2025,61759,2,NL,2,8,7,6,9,8,7.5,3,7,0
ESS10e03_3,02.12.2025,61765,1,NL,1,9,9,8,9,8,5.0,7,5,5
ESS10e03_3,02.12.2025,61817,3,NL,2,6,7,7,8,8,5.0,7,5,6
ESS10e03_3,02.12.2025,61824,4,NL,1,6,6,0,7,0,7.5,5,7,7
ESS10e03_3,02.12.2025,61842,3,NL,2,7,7,5,8,7,10.0,8,7,10
ESS10e03_3,02.12.2025,61858,6,NL,2,7,7,6,6,8,7.5,5,5,6
ESS10e03_3,02.12.2025,61872,1,NL,2,7,9,8,8,7,7.5,6,3,4
ESS10e03_3,02.12.2025,61889,5,NL,1,6,6,6,7,7,7.5,5,6,4
ESS10e03_3,02.12.2025,61902,3,NL,1,8,8,6,9,8,7.5,4,7,0
ESS10e03_3,02.12.2025,61904,5,NL,2,6,6,4,7,9,7.5,2,8,7
ESS10e03_3,02.12.2025,61955,2,NL,1,8,8,7,8,7,7.5,5,6,2
ESS10e03_3,02.12.2025,61960,1,NL,2,9,8,7,9,7,2.5,3,8,1
ESS10e03_3,02.12.2025,61968,5,NL,2,7,8,5,8,7,5.0,4,3,6
ESS10e03_3,02.12.2025,61974,5,NL,1,8,8,6,9,9,2.5,4,8,9
ESS10e03_3,02.12.2025,62010,6,NL,1,9,8,7,8,8,7.5,2,8,8
ESS10e03_3,02.12.2025,62026,4,NL,2,7,8,5,7,7,2.5,5,7,7
ESS10e03_3,02.12.2025,62064,1,NL,1,,7,7,5,6,0.0,10,5,5
ESS10e03_3,02.12.2025,62088,3,NL,1,7,8,4,9,5,2.5,9,4,0
ESS10e03_3,02.12.2025,62096,7,NL,1,5,8,5,7,3,10.0,5,3,2
ESS10e03_3,02.12.2025,62129,2,NL,1,9,9,4,9,0,10.0,3,7,0
ESS10e03_3,02.12.2025,62174,4,NL,2,7,7,6,7,8,7.5,4,6,8
ESS10e03_3,02.12.2025,62201,5,NL,1,8,9,8,9,5,10.0,7,7,8
ESS10e03_3,02.12.2025,62228,4,NL,1,8,7,7,8,8,7.5,5,6,2
ESS10e03_3,02.12.2025,62231,1,NL,1,4,3,2,4,2,10.0,5,1,7
ESS10e03_3,02.12.2025,62237,7,NL,2,7,8,6,7,9,7.5,8,5,7
ESS10e03_3,02.12.2025,62266,1,NL,1,7,7,5,8,5,2.5,6,5,5
ESS10e03_3,02.12.2025,62281,3,NL,2,7,7,5,5,5,5.0,6,5,4
ESS10e03_3,02.12.2025,62316,3,NL,1,7,7,7,8,8,2.5,2,7,2
ESS10e03_3,02.12.2025,62319,4,NL,2,5,8,6,8,8,7.5,3,3,2
ESS10e03_3,02.12.2025,62332,2,NL,1,3,0,4,9,1,10.0,4,4,1
ESS10e03_3,02.12.2025,62355,2,NL,2,8,7,6,8,8,10.0,2,7,2
ESS10e03_3,02.12.2025,62374,4,NL,2,9,9,8,8,6,5.0,7,7,3
ESS10e03_3,02.12.2025,62425,4,NL,2,6,8,6,9,8,7.5,5,5,6
ESS10e03_3,02.12.2025,62430,4,NL,1,6,7,3,8,6,7.5,7,7,5
ESS10e03_3,02.12.2025,62442,5,NL,1,0,7,4,2,1,7.5,5,4,10
ESS10e03_3,02.12.2025,62465,3,NL,1,10,7,6,10,9,10.0,4,9,5
ESS10e03_3,02.12.2025,62498,7,NL,2,7,7,6,7,7,7.5,7,6,8
ESS10e03_3,02.12.2025,62503,6,NL,1,4,4,4,5,7,7.5,5,3,2
ESS10e03_3,02.12.2025,62534,5,NL,2,5,4,2,7,6,10.0,4,5,6
ESS10e03_3,02.12.2025,62575,1,NL,1,8,8,6,9,3,7.5,3,7,2
ESS10e03_3,02.12.2025,62581,5,NL,2,7,7,5,6,6,2.5,6,4,2
ESS10e03_3,02.12.2025,62607,1,NL,1,5,4,10,6,5,5.0,,5,1
ESS10e03_3,02.12.2025,62652,4,NL,2,7,7,8,8,5,5.0,5,8,3
ESS10e03_3,02.12.2025,62666,2,NL,2,8,7,6,10,7,2.5,4,5,3
ESS10e03_3,02.12.2025,62676,2,NL,2,7,8,6,9,10,10.0,1,8,6
ESS10e03_3,02.12.2025,62698,1,NL,1,9,8,6,9,7,7.5,4,6,7
ESS10e03_3,02.12.2025,62720,2,NL,1,9,9,7,9,7,5.0,7,8,0
ESS10e03_3,02.12.2025,62725,7,NL,1,2,6,4,6,7,7.5,6,7,4
ESS10e03_3,02.12.2025,62733,1,NL,1,5,2,3,7,7,7.5,2,,4
ESS10e03_3,02.12.2025,62737,4,NL,2,6,7,7,7,8,7.5,6,7,7
ESS10e03_3,02.12.2025,62753,5,NL,2,2,7,5,6,7,10.0,7,7,0
ESS10e03_3,02.12.2025,62771,99,NL,2,8,10,8,8,10,2.5,5,6,8
ESS10e03_3,02.12.2025,62774,4,NL,1,7,7,6,8,8,7.5,6,6,5
ESS10e03_3,02.12.2025,62823,3,NL,1,4,6,2,6,3,10.0,1,7,1
ESS10e03_3,02.12.2025,62851,3,NL,1,7,6,4,8,8,5.0,6,7,3
ESS10e03_3,02.12.2025,62889,5,NL,1,8,9,6,9,7,2.5,8,5,4
ESS10e03_3,02.12.2025,62916,6,NL,1,6,5,5,7,8,2.5,6,5,6
ESS10e03_3,02.12.2025,62918,5,NL,2,6,8,4,8,8,2.5,5,4,1
ESS10e03_3,02.12.2025,62947,1,NL,1,5,4,6,8,6,7.5,5,5,6
ESS10e03_3,02.12.2025,62961,5,NL,1,9,7,4,8,8,10.0,2,7,0
ESS10e03_3,02.12.2025,62973,6,NL,2,7,8,7,7,7,7.5,5,6,7
ESS10e03_3,02.12.2025,63011,2,NL,2,6,7,3,6,6,7.5,1,8,1
ESS10e03_3,02.12.2025,63085,2,NL,1,8,8,5,9,6,7.5,3,6,10
ESS10e03_3,02.12.2025,63086,2,NL,1,7,7,2,7,6,7.5,7,4,0
ESS10e03_3,02.12.2025,63109,5,NL,1,9,9,7,9,8,7.5,2,5,0
ESS10e03_3,02.12.2025,63125,5,NL,1,8,8,7,8,8,10.0,3,7,4
ESS10e03_3,02.12.2025,63135,2,NL,1,7,8,6,8,8,7.5,4,7,4
ESS10e03_3,02.12.2025,63180,3,NL,2,6,7,5,7,7,7.5,5,7,4
ESS10e03_3,02.12.2025,63187,6,NL,1,8,8,5,8,0,2.5,8,3,0
ESS10e03_3,02.12.2025,63213,4,NL,1,6,5,4,8,5,5.0,7,4,0
ESS10e03_3,02.12.2025,63256,2,NL,2,8,7,6,7,8,7.5,3,6,3
ESS10e03_3,02.12.2025,63311,2,NL,1,8,9,5,10,9,7.5,2,4,7
ESS10e03_3,02.12.2025,63314,3,NL,1,8,8,6,8,7,2.5,4,6,0
ESS10e03_3,02.12.2025,63320,4,NL,1,8,9,5,9,8,7.5,8,5,10
ESS10e03_3,02.12.2025,63322,4,NL,1,7,4,3,9,7,5.0,7,5,6
ESS10e03_3,02.12.2025,63325,5,NL,2,7,7,6,8,8,7.5,7,9,2
ESS10e03_3,02.12.2025,63354,3,NL,1,8,9,6,8,8,10.0,4,6,2
ESS10e03_3,02.12.2025,63357,1,NL,2,6,8,7,4,3,7.5,,3,0
ESS10e03_3,02.12.2025,63375,6,NL,1,9,8,8,9,8,10.0,5,7,4
ESS10e03_3,02.12.2025,63377,2,NL,1,7,7,5,8,9,7.5,3,5,10
ESS10e03_3,02.12.2025,63387,5,NL,1,9,10,5,8,8,2.5,6,5,0
ESS10e03_3,02.12.2025,63389,2,NL,1,8,8,7,9,8,7.5,6,8,0
ESS10e03_3,02.12.2025,63390,6,NL,1,8,8,6,8,7,10.0,3,5,0
ESS10e03_3,02.12.2025,63393,3,NL,2,7,4,5,8,7,7.5,3,7,0
ESS10e03_3,02.12.2025,63432,1,NL,2,7,7,2,7,9,7.5,1,,0
ESS10e03_3,02.12.2025,63436,3,NL,2,8,8,6,7,8,7.5,4,6,5
ESS10e03_3,02.12.2025,63458,4,NL,2,9,9,7,8,8,0.0,7,7,6
ESS10e03_3,02.12.2025,63497,3,NL,1,3,5,2,5,5,10.0,5,5,3
ESS10e03_3,02.12.2025,63614,3,NL,2,7,8,7,7,6,5.0,7,5,1
ESS10e03_3,02.12.2025,63660,6,NL,1,8,8,6,7,7,2.5,8,3,8
ESS10e03_3,02.12.2025,63670,6,NL,1,2,7,0,8,7,7.5,5,8,7
ESS10e03_3,02.12.2025,63755,4,NL,2,9,10,8,8,5,7.5,4,1,10
ESS10e03_3,02.12.2025,63757,2,NL,2,8,9,8,9,9,7.5,1,5,1
ESS10e03_3,02.12.2025,63766,4,NL,2,6,9,5,9,8,7.5,3,8,4
ESS10e03_3,02.12.2025,63797,2,NL,2,7,8,5,8,5,5.0,5,5,2
ESS10e03_3,02.12.2025,63806,3,NL,1,8,7,6,7,6,5.0,6,6,3
ESS10e03_3,02.12.2025,63850,4,NL,1,7,6,0,3,8,7.5,4,6,7
ESS10e03_3,02.12.2025,63878,5,NL,1,10,10,8,7,8,10.0,0,8,0
ESS10e03_3,02.12.2025,63888,5,NL,2,7,6,6,8,10,10.0,4,7,8
ESS10e03_3,02.12.2025,63892,3,NL,1,8,8,6,7,8,7.5,7,7,2
ESS10e03_3,02.12.2025,63932,6,NL,2,6,6,0,7,8,10.0,3,,6
ESS10e03_3,02.12.2025,63959,2,NL,1,9,9,7,9,7,7.5,4,7,2
ESS10e03_3,02.12.2025,63966,4,NL,2,6,7,4,6,7,10.0,10,5,6
ESS10e03_3,02.12.2025,63976,2,NL,1,8,8,6,8,8,7.5,9,5,3
ESS10e03_3,02.12.2025,63978,4,NL,2,8,9,4,7,8,2.5,5,7,9
ESS10e03_3,02.12.2025,64063,1,NL,2,6,7,6,8,8,7.5,2,8,2
ESS10e03_3,02.12.2025,64124,5,NL,2,6,6,5,8,6,7.5,5,6,0
ESS10e03_3,02.12.2025,64125,2,NL,2,4,7,2,4,4,2.5,10,5,8
ESS10e03_3,02.12.2025,64127,4,NL,2,8,7,7,9,6,5.0,4,8,1
ESS10e03_3,02.12.2025,64136,5,NL,2,5,5,5,7,8,5.0,,7,7
ESS10e03_3,02.12.2025,64156,5,NL,1,7,8,3,8,1,10.0,6,7,0
ESS10e03_3,02.12.2025,64178,4,NL,2,7,8,6,6,6,7.5,6,6,7
ESS10e03_3,02.12.2025,64216,6,NL,1,7,8,7,10,9,10.0,0,2,0
ESS10e03_3,02.12.2025,64245,3,NL,1,7,6,4,8,8,7.5,6,7,10
ESS10e03_3,02.12.2025,64279,2,NL,2,8,7,3,6,8,10.0,4,6,0
ESS10e03_3,02.12.2025,64334,7,NL,2,6,7,7,8,8,7.5,8,7,8
ESS10e03_3,02.12.2025,64412,1,NL,1,6,7,5,8,4,2.5,,3,10
ESS10e03_3,02.12.2025,64432,1,NL,2,9,8,8,9,9,7.5,5,5,8
ESS10e03_3,02.12.2025,64462,5,NL,2,3,7,4,8,4,7.5,5,4,5
ESS10e03_3,02.12.2025,64490,6,NL,1,4,5,3,6,8,5.0,8,2,7
ESS10e03_3,02.12.2025,64528,5,NL,1,3,7,4,7,7,0.0,8,6,0
ESS10e03_3,02.12.2025,64544,2,NL,1,4,2,1,7,3,7.5,8,4,8
ESS10e03_3,02.12.2025,64574,3,NL,1,5,5,6,8,6,7.5,5,7,6
ESS10e03_3,02.12.2025,64588,1,NL,1,7,8,7,8,0,5.0,3,,8
ESS10e03_3,02.12.2025,64639,3,NL,2,4,4,2,3,4,2.5,5,4,0
ESS10e03_3,02.12.2025,64645,1,NL,1,8,10,5,,0,2.5,7,3,0
ESS10e03_3,02.12.2025,64653,7,NL,2,4,7,5,8,8,7.5,3,6,7
ESS10e03_3,02.12.2025,64660,2,NL,2,4,5,4,8,7,10.0,3,7,5
ESS10e03_3,02.12.2025,64695,5,NL,1,6,7,4,9,7,10.0,3,5,5
ESS10e03_3,02.12.2025,64706,5,NL,2,7,7,6,6,5,7.5,5,5,8
ESS10e03_3,02.12.2025,64712,6,NL,1,7,7,5,8,6,7.5,5,6,6
ESS10e03_3,02.12.2025,64745,1,NL,2,7,6,7,8,3,2.5,5,4,6
ESS10e03_3,02.12.2025,64756,5,NL,2,7,7,7,8,5,7.5,3,5,8
ESS10e03_3,02.12.2025,64769,4,NL,1,9,9,6,8,8,7.5,6,4,0
ESS10e03_3,02.12.2025,64776,4,NL,1,6,6,1,7,6,7.5,5,5,4
ESS10e03_3,02.12.2025,64779,2,NL,1,8,7,6,8,8,7.5,4,5,2
ESS10e03_3,02.12.2025,64801,3,NL,1,7,9,4,9,3,2.5,7,5,0
ESS10e03_3,02.12.2025,64803,7,NL,2,7,7,7,,8,7.5,8,5,7
ESS10e03_3,02.12.2025,64812,3,NL,1,5,5,5,6,4,7.5,7,5,0
ESS10e03_3,02.12.2025,64826,2,NL,2,8,8,7,8,6,7.5,4,7,1
ESS10e03_3,02.12.2025,64849,2,NL,2,7,7,5,8,8,2.5,7,5,1
ESS10e03_3,02.12.2025,64851,3,NL,2,7,7,6,8,7,7.5,3,8,1
ESS10e03_3,02.12.2025,64852,5,NL,2,7,7,5,6,7,5.0,8,5,10
ESS10e03_3,02.12.2025,64864,1,NL,1,7,8,5,7,7,5.0,7,3,3
ESS10e03_3,02.12.2025,64899,4,NL,2,7,8,5,7,7,7.5,6,8,5
ESS10e03_3,02.12.2025,64904,1,NL,1,,8,8,8,7,7.5,5,6,5
ESS10e03_3,02.12.2025,64920,1,NL,1,6,6,6,,3,2.5,7,,8
ESS10e03_3,02.12.2025,64925,4,NL,2,5,6,3,4,9,7.5,5,0,0
ESS10e03_3,02.12.2025,64947,1,NL,2,6,7,5,7,3,7.5,6,4,0
ESS10e03_3,02.12.2025,64992,1,NL,1,6,7,6,8,8,10.0,6,8,0
ESS10e03_3,02.12.2025,65010,5,NL,1,7,7,6,8,6,7.5,3,8,3
ESS10e03_3,02.12.2025,65038,2,NL,1,8,10,3,8,2,7.5,8,5,0
ESS10e03_3,02.12.2025,65085,3,NL,2,8,6,7,8,7,2.5,4,8,8
ESS10e03_3,02.12.2025,65162,2,NL,2,8,8,6,9,7,10.0,3,8,2
ESS10e03_3,02.12.2025,65170,5,NL,2,8,7,6,8,10,2.5,8,6,4
ESS10e03_3,02.12.2025,65176,4,NL,2,5,8,6,8,6,10.0,5,5,10
ESS10e03_3,02.12.2025,65291,4,NL,1,8,8,4,8,8,7.5,6,4,7
ESS10e03_3,02.12.2025,65305,3,NL,1,7,8,6,6,8,0.0,8,5,10
ESS10e03_3,02.12.2025,65324,2,NL,2,8,8,8,9,6,10.0,4,5,2
ESS10e03_3,02.12.2025,65334,4,NL,2,6,7,6,7,7,7.5,7,6,1
ESS10e03_3,02.12.2025,65347,6,NL,1,8,7,4,8,9,7.5,5,5,5
ESS10e03_3,02.12.2025,65355,5,NL,2,8,8,8,8,7,7.5,5,5,7
ESS10e03_3,02.12.2025,65373,7,NL,2,5,7,5,7,7,2.5,8,6,0
ESS10e03_3,02.12.2025,65384,6,NL,2,2,6,2,4,6,7.5,3,6,0
ESS10e03_3,02.12.2025,65417,5,NL,2,9,9,8,8,8,5.0,7,7,10
ESS10e03_3,02.12.2025,65497,3,NL,2,7,8,5,8,8,7.5,4,4,2
ESS10e03_3,02.12.2025,65517,2,NL,1,5,7,3,8,8,2.5,8,3,8
ESS10e03_3,02.12.2025,65519,2,NL,1,6,2,0,10,6,0.0,7,3,0
ESS10e03_3,02.12.2025,65528,6,NL,2,8,8,7,8,8,7.5,5,7,7
ESS10e03_3,02.12.2025,65535,3,NL,2,8,8,6,7,8,7.5,6,7,8
ESS10e03_3,02.12.2025,65538,2,NL,2,7,7,5,7,7,7.5,4,5,9
ESS10e03_3,02.12.2025,65542,2,NL,1,9,9,6,9,9,7.5,5,7,1
ESS10e03_3,02.12.2025,65576,4,NL,2,5,8,7,7,8,5.0,3,5,6
ESS10e03_3,02.12.2025,65577,1,NL,2,7,8,6,8,7,7.5,6,5,7
ESS10e03_3,02.12.2025,65581,6,NL,1,6,0,5,9,0,10.0,8,4,1
ESS10e03_3,02.12.2025,65596,4,NL,1,8,8,4,8,8,7.5,7,5,0
ESS10e03_3,02.12.2025,65605,4,NL,1,9,8,4,9,8,0.0,5,0,2
ESS10e03_3,02.12.2025,65606,6,NL,2,5,7,6,7,8,5.0,7,5,3
ESS10e03_3,02.12.2025,65625,1,NL,1,7,9,8,9,4,5.0,4,7,0
ESS10e03_3,02.12.2025,65627,2,NL,2,9,10,4,10,10,10.0,1,7,2
ESS10e03_3,02.12.2025,65639,4,NL,2,8,7,4,8,8,10.0,2,5,0
ESS10e03_3,02.12.2025,65698,3,NL,2,6,8,5,,6,7.5,5,9,3
ESS10e03_3,02.12.2025,65699,6,NL,2,5,8,,7,8,10.0,3,7,7
ESS10e03_3,02.12.2025,65709,3,NL,1,9,8,5,10,9,10.0,1,5,0
ESS10e03_3,02.12.2025,65710,3,NL,1,8,8,6,9,8,7.5,6,6,6
ESS10e03_3,02.12.2025,65712,1,NL,1,7,6,6,8,8,5.0,2,8,9
ESS10e03_3,02.12.2025,65726,7,NL,2,4,7,0,5,7,5.0,5,5,7
ESS10e03_3,02.12.2025,65759,1,NL,2,3,7,6,7,5,5.0,6,4,10
ESS10e03_3,02.12.2025,65763,4,NL,1,5,9,4,9,3,5.0,5,5,0
ESS10e03_3,02.12.2025,65802,5,NL,2,5,7,4,6,7,7.5,6,6,3
ESS10e03_3,02.12.2025,65809,1,NL,1,8,9,6,9,2,5.0,5,7,2
ESS10e03_3,02.12.2025,65833,6,NL,2,7,7,7,8,10,10.0,0,5,5
ESS10e03_3,02.12.2025,65846,4,NL,2,6,7,2,9,8,7.5,5,4,2
ESS10e03_3,02.12.2025,65866,3,NL,2,6,7,1,7,8,2.5,3,5,7
ESS10e03_3,02.12.2025,65871,4,NL,2,8,8,8,8,7,5.0,6,5,0
ESS10e03_3,02.12.2025,65903,4,NL,1,9,8,7,7,8,10.0,4,5,2
ESS10e03_3,02.12.2025,65913,5,NL,1,8,6,6,7,8,7.5,2,7,1
ESS10e03_3,02.12.2025,65923,1,NL,2,6,7,6,8,7,10.0,4,6,5
ESS10e03_3,02.12.2025,65927,6,NL,1,5,7,6,8,6,2.5,6,6,9
ESS10e03_3,02.12.2025,65928,5,NL,1,5,6,4,5,3,2.5,8,5,9
ESS10e03_3,02.12.2025,65940,5,NL,2,5,5,2,7,8,10.0,2,6,0
ESS10e03_3,02.12.2025,65950,1,NL,2,7,9,3,9,10,10.0,4,,10
ESS10e03_3,02.12.2025,65954,3,NL,2,3,6,4,5,0,10.0,,7,8
ESS10e03_3,02.12.2025,65968,4,NL,1,7,8,3,7,8,10.0,3,7,7
ESS10e03_3,02.12.2025,65974,5,NL,2,9,8,7,8,10,10.0,1,9,9
ESS10e03_3,02.12.2025,66019,6,NL,2,6,7,4,7,8,7.5,5,9,0
ESS10e03_3,02.12.2025,66038,2,NL,2,8,8,6,7,8,2.5,6,6,3
ESS10e03_3,02.12.2025,66049,4,NL,2,7,7,4,8,8,7.5,4,6,7
ESS10e03_3,02.12.2025,66081,1,NL,1,7,8,3,,9,5.0,4,8,2
ESS10e03_3,02.12.2025,66096,4,NL,2,6,7,6,7,8,10.0,1,5,8
ESS10e03_3,02.12.2025,66112,6,NL,1,7,8,4,8,7,10.0,7,7,6
ESS10e03_3,02.12.2025,66115,5,NL,2,8,7,6,9,9,7.5,3,8,0
ESS10e03_3,02.12.2025,66149,7,NL,2,8,8,6,9,10,7.5,4,8,0
ESS10e03_3,02.12.2025,66163,2,NL,2,7,10,6,9,6,5.0,5,7,0
ESS10e03_3,02.12.2025,66183,5,NL,1,6,4,2,8,7,5.0,7,5,3
ESS10e03_3,02.12.2025,66220,2,NL,2,9,8,5,8,7,2.5,3,7,7
ESS10e03_3,02.12.2025,66223,5,NL,1,8,8,4,8,2,2.5,5,7,8
ESS10e03_3,02.12.2025,66254,1,NL,2,7,9,7,7,5,7.5,,4,0
ESS10e03_3,02.12.2025,66258,4,NL,1,9,7,6,9,8,7.5,5,6,1
ESS10e03_3,02.12.2025,66259,1,NL,2,6,7,6,7,5,5.0,6,5,2
ESS10e03_3,02.12.2025,66262,3,NL,2,5,6,4,6,5,7.5,5,7,7
ESS10e03_3,02.12.2025,66276,5,NL,1,8,7,5,8,8,10.0,10,6,0
ESS10e03_3,02.12.2025,66280,1,NL,1,7,6,7,8,3,2.5,7,4,0
ESS10e03_3,02.12.2025,66307,5,NL,1,8,10,3,9,5,5.0,8,7,0
ESS10e03_3,02.12.2025,66312,2,NL,2,9,9,8,9,8,5.0,7,7,0
ESS10e03_3,02.12.2025,66351,4,NL,1,5,7,4,7,9,10.0,5,5,2
ESS10e03_3,02.12.2025,66355,6,NL,1,7,7,6,6,6,7.5,2,8,2
ESS10e03_3,02.12.2025,66376,4,NL,2,2,5,1,2,1,7.5,,1,0
ESS10e03_3,02.12.2025,66386,4,NL,1,7,7,5,7,7,7.5,7,4,4
ESS10e03_3,02.12.2025,66402,5,NL,2,0,5,0,7,3,2.5,5,5,0
ESS10e03_3,02.12.2025,66422,3,NL,2,8,8,7,8,6,7.5,4,5,0
ESS10e03_3,02.12.2025,66445,2,NL,2,8,4,6,7,8,5.0,4,7,0
ESS10e03_3,02.12.2025,66471,4,NL,1,7,4,4,8,8,10.0,3,5,2
ESS10e03_3,02.12.2025,66595,6,NL,1,8,4,5,8,3,10.0,4,6,0
ESS10e03_3,02.12.2025,66612,3,NL,2,4,6,5,7,7,10.0,7,6,7
ESS10e03_3,02.12.2025,66714,4,NL,2,8,8,7,8,8,7.5,6,8,6
ESS10e03_3,02.12.2025,66716,4,NL,2,8,8,4,8,7,7.5,4,4,1
ESS10e03_3,02.12.2025,66723,2,NL,1,8,8,4,8,7,7.5,7,5,0
ESS10e03_3,02.12.2025,66813,7,NL,1,0,2,0,9,0,0.0,10,1,10
ESS10e03_3,02.12.2025,66876,4,NL,2,9,7,7,9,8,10.0,6,6,2
ESS10e03_3,02.12.2025,66900,5,NL,1,8,8,5,8,8,7.5,5,5,6
ESS10e03_3,02.12.2025,66917,2,NL,1,8,8,7,10,3,7.5,2,9,10
ESS10e03_3,02.12.2025,66918,6,NL,1,6,7,6,7,7,7.5,7,7,7
ESS10e03_3,02.12.2025,66928,5,NL,2,7,8,5,10,6,7.5,6,8,2
ESS10e03_3,02.12.2025,66939,2,NL,2,1,9,1,7,7,10.0,3,5,5
ESS10e03_3,02.12.2025,66969,6,NL,2,6,4,3,6,7,5.0,6,6,6
ESS10e03_3,02.12.2025,66971,4,NL,2,7,8,2,6,8,7.5,5,5,0
ESS10e03_3,02.12.2025,66978,5,NL,2,7,8,7,7,7,10.0,7,6,4
ESS10e03_3,02.12.2025,66979,7,NL,1,5,7,4,10,9,7.5,8,5,0
ESS10e03_3,02.12.2025,66986,5,NL,1,9,9,7,8,8,2.5,7,6,6
ESS10e03_3,02.12.2025,67030,4,NL,1,8,8,7,8,7,7.5,4,8,0
ESS10e03_3,02.12.2025,67070,3,NL,2,10,10,10,10,8,2.5,6,6,0
ESS10e03_3,02.12.2025,67079,3,NL,2,5,7,3,5,6,7.5,6,1,0
ESS10e03_3,02.12.2025,67101,3,NL,2,9,8,8,7,10,7.5,3,10,10
ESS10e03_3,02.12.2025,67110,5,NL,2,7,7,5,7,9,7.5,2,8,1
ESS10e03_3,02.12.2025,67146,5,NL,1,5,5,4,,7,2.5,,5,6
ESS10e03_3,02.12.2025,67147,6,NL,1,8,8,6,8,6,2.5,7,5,0
ESS10e03_3,02.12.2025,67159,1,NL,2,6,8,2,10,9,2.5,2,4,0
ESS10e03_3,02.12.2025,67166,3,NL,1,7,7,5,7,5,7.5,4,6,1
ESS10e03_3,02.12.2025,67173,2,NL,2,7,4,5,9,7,10.0,1,8,0
ESS10e03_3,02.12.2025,67176,5,NL,1,8,8,6,9,7,7.5,1,6,7
ESS10e03_3,02.12.2025,67187,4,NL,1,10,9,3,7,7,5.0,7,6,8
ESS10e03_3,02.12.2025,67219,2,NL,2,10,10,7,10,7,7.5,7,3,4
ESS10e03_3,02.12.2025,67241,1,NL,1,5,7,6,3,5,7.5,3,2,0
ESS10e03_3,02.12.2025,67279,3,NL,1,5,5,0,5,2,0.0,5,5,0
ESS10e03_3,02.12.2025,67280,2,NL,2,7,4,6,8,8,2.5,7,3,4
ESS10e03_3,02.12.2025,67318,3,NL,1,10,9,4,9,7,7.5,8,5,0
ESS10e03_3,02.12.2025,67355,6,NL,1,9,9,8,9,7,7.5,5,7,8
ESS10e03_3,02.12.2025,67383,4,NL,1,8,8,6,,7,5.0,3,6,6
ESS10e03_3,02.12.2025,67407,5,NL,2,10,10,10,10,6,5.0,5,7,1
ESS10e03_3,02.12.2025,67458,6,NL,2,6,7,5,7,8,7.5,,,2
ESS10e03_3,02.12.2025,67480,6,NL,1,7,6,5,8,8,7.5,8,6,0
ESS10e03_3,02.12.2025,67489,4,NL,2,10,9,6,10,7,7.5,4,5,7
ESS10e03_3,02.12.2025,67531,1,NL,2,5,8,7,7,6,5.0,6,6,4
ESS10e03_3,02.12.2025,67567,6,NL,1,8,8,7,9,8,7.5,3,5,0
ESS10e03_3,02.12.2025,67568,4,NL,2,7,6,6,7,8,5.0,6,6,4
ESS10e03_3,02.12.2025,67578,4,NL,1,8,7,7,7,9,10.0,3,5,0
ESS10e03_3,02.12.2025,67601,4,NL,2,5,7,2,6,7,7.5,6,9,0
ESS10e03_3,02.12.2025,67602,2,NL,1,6,6,4,7,7,10.0,6,5,2
ESS10e03_3,02.12.2025,67607,4,NL,2,8,8,7,8,8,7.5,2,7,8
ESS10e03_3,02.12.2025,67644,5,NL,2,8,8,5,7,9,7.5,2,5,5
ESS10e03_3,02.12.2025,67676,6,NL,2,8,8,7,9,8,10.0,5,7,8
ESS10e03_3,02.12.2025,67736,7,NL,1,6,8,6,8,7,10.0,6,5,1
ESS10e03_3,02.12.2025,67757,1,NL,1,7,8,3,9,7,7.5,2,7,0
ESS10e03_3,02.12.2025,67775,1,NL,2,9,6,7,9,7,7.5,7,8,3
ESS10e03_3,02.12.2025,67776,7,NL,2,4,3,3,,7,10.0,,3,7
ESS10e03_3,02.12.2025,67801,5,NL,1,8,8,6,8,6,7.5,4,6,0
ESS10e03_3,02.12.2025,67807,5,NL,2,6,7,4,6,7,10.0,4,6,1
ESS10e03_3,02.12.2025,67820,6,NL,1,4,8,4,7,7,7.5,9,7,6
ESS10e03_3,02.12.2025,67836,4,NL,1,6,10,3,7,8,7.5,7,10,7
ESS10e03_3,02.12.2025,67853,6,NL,1,7,6,4,6,9,7.5,3,3,6
ESS10e03_3,02.12.2025,67890,5,NL,2,7,7,6,7,6,10.0,2,5,1
ESS10e03_3,02.12.2025,67891,1,NL,1,8,8,6,7,5,7.5,4,7,7
ESS10e03_3,02.12.2025,67904,3,NL,2,6,7,6,,7,5.0,7,7,7
ESS10e03_3,02.12.2025,67962,6,NL,1,5,3,0,8,7,7.5,5,4,0
ESS10e03_3,02.12.2025,67976,5,NL,1,3,6,2,7,1,5.0,4,6,8
ESS10e03_3,02.12.2025,67977,3,NL,2,8,8,6,9,8,10.0,1,9,0
ESS10e03_3,02.12.2025,67982,1,NL,1,5,7,5,9,9,7.5,2,5,2
ESS10e03_3,02.12.2025,67987,3,NL,1,8,7,5,8,8,10.0,2,7,2
ESS10e03_3,02.12.2025,68003,2,NL,2,7,7,4,9,7,7.5,5,5,1
ESS10e03_3,02.12.2025,68014,1,NL,2,7,8,7,8,7,2.5,7,8,2
ESS10e03_3,02.12.2025,68030,6,NL,2,8,7,3,7,8,5.0,6,8,2
ESS10e03_3,02.12.2025,68043,3,NL,1,7,7,7,9,8,7.5,8,3,0
ESS10e03_3,02.12.2025,68048,4,NL,2,7,7,6,7,7,5.0,6,3,5
ESS10e03_3,02.12.2025,68052,6,NL,2,7,7,6,7,7,7.5,5,6,5
ESS10e03_3,02.12.2025,68062,5,NL,1,8,8,7,9,7,10.0,7,5,6
ESS10e03_3,02.12.2025,68083,5,NL,1,1,6,5,8,8,0.0,7,,0
ESS10e03_3,02.12.2025,68087,1,NL,1,7,7,4,8,8,7.5,1,10,0
ESS10e03_3,02.12.2025,68106,1,NL,1,8,8,6,8,9,10.0,3,8,5
ESS10e03_3,02.12.2025,68124,2,NL,2,7,6,5,8,9,10.0,2,7,2
ESS10e03_3,02.12.2025,68148,3,NL,2,7,8,5,8,9,5.0,7,5,3
ESS10e03_3,02.12.2025,68158,5,NL,2,7,8,6,8,8,7.5,3,7,7
ESS10e03_3,02.12.2025,68177,1,NL,2,8,9,7,9,3,7.5,7,5,1
ESS10e03_3,02.12.2025,68178,3,NL,2,6,8,4,7,7,5.0,3,6,3
ESS10e03_3,02.12.2025,68190,5,NL,2,6,6,5,8,8,5.0,5,5,7
ESS10e03_3,02.12.2025,68191,7,NL,2,4,8,6,6,8,7.5,6,5,8
ESS10e03_3,02.12.2025,68210,3,NL,2,9,8,8,9,8,2.5,8,6,0
ESS10e03_3,02.12.2025,68216,2,NL,1,8,8,6,8,6,7.5,6,8,6
ESS10e03_3,02.12.2025,68221,2,NL,1,9,8,6,7,4,5.0,8,6,8
ESS10e03_3,02.12.2025,68260,3,NL,2,7,8,7,3,6,7.5,5,3,3
ESS10e03_3,02.12.2025,68301,2,NL,2,7,7,5,9,9,7.5,2,7,0
ESS10e03_3,02.12.2025,68313,1,NL,2,8,8,6,9,7,7.5,6,7,1
ESS10e03_3,02.12.2025,68320,2,NL,1,7,7,4,5,0,5.0,5,5,6
ESS10e03_3,02.12.2025,68322,7,NL,2,8,7,6,9,8,10.0,0,7,10
ESS10e03_3,02.12.2025,68341,3,NL,1,8,8,6,9,5,5.0,6,5,0
ESS10e03_3,02.12.2025,68398,4,NL,1,7,8,1,7,9,5.0,5,7,10
ESS10e03_3,02.12.2025,68407,1,NL,1,1,3,0,5,4,2.5,10,3,4
ESS10e03_3,02.12.2025,68431,5,NL,2,7,7,5,7,7,7.5,5,7,7
ESS10e03_3,02.12.2025,68436,1,NL,2,8,5,7,7,8,10.0,8,8,4
ESS10e03_3,02.12.2025,68437,7,NL,2,7,7,6,8,5,10.0,4,5,0
ESS10e03_3,02.12.2025,68447,7,NL,1,6,8,6,7,5,7.5,7,5,4
ESS10e03_3,02.12.2025,68475,99,NL,1,7,7,6,7,9,7.5,2,7,6
ESS10e03_3,02.12.2025,68581,1,NL,2,6,5,7,7,7,7.5,5,6,3
ESS10e03_3,02.12.2025,68614,6,NL,2,4,,4,5,8,5.0,7,3,7
ESS10e03_3,02.12.2025,68622,2,NL,1,10,9,4,10,2,2.5,4,8,0
ESS10e03_3,02.12.2025,68624,5,NL,2,7,6,3,6,5,7.5,5,6,5
ESS10e03_3,02.12.2025,68640,2,NL,2,6,8,,8,6,7.5,5,7,6
ESS10e03_3,02.12.2025,68664,1,NL,2,,3,,2,5,5.0,6,7,8
ESS10e03_3,02.12.2025,68676,5,NL,1,9,8,5,8,8,5.0,6,6,3
ESS10e03_3,02.12.2025,68681,6,NL,2,8,7,6,8,7,7.5,4,6,7
ESS10e03_3,02.12.2025,68687,7,NL,2,2,7,5,,5,2.5,3,8,0
ESS10e03_3,02.12.2025,68693,7,NL,2,6,2,1,7,5,7.5,3,4,10
ESS10e03_3,02.12.2025,68738,4,NL,2,0,8,6,8,6,10.0,5,5,7
ESS10e03_3,02.12.2025,68779,4,NL,1,9,8,6,8,8,7.5,7,7,4
ESS10e03_3,02.12.2025,68786,2,NL,2,7,9,8,10,7,2.5,1,8,5
ESS10e03_3,02.12.2025,68804,6,NL,2,7,6,7,6,7,7.5,2,7,0
ESS10e03_3,02.12.2025,68810,3,NL,2,8,8,8,9,8,5.0,3,7,2
ESS10e03_3,02.12.2025,68830,2,NL,1,7,7,5,8,7,7.5,3,7,6
ESS10e03_3,02.12.2025,68849,2,NL,1,10,6,7,10,9,10.0,1,7,4
ESS10e03_3,02.12.2025,68871,3,NL,2,7,8,7,7,6,2.5,7,5,5
ESS10e03_3,02.12.2025,68906,3,NL,1,9,8,6,9,5,10.0,5,5,1
ESS10e03_3,02.12.2025,68944,1,NL,2,5,8,6,7,4,5.0,8,3,5
ESS10e03_3,02.12.2025,68945,4,NL,1,10,7,7,10,8,10.0,0,9,0
ESS10e03_3,02.12.2025,68955,1,NL,1,8,9,6,8,3,2.5,6,6,0
ESS10e03_3,02.12.2025,68987,4,NL,2,7,8,6,8,7,7.5,7,7,5
ESS10e03_3,02.12.2025,69017,7,NL,1,8,8,7,7,7,7.5,8,5,7
ESS10e03_3,02.12.2025,69034,1,NL,2,7,8,7,8,7,5.0,,6,0
ESS10e03_3,02.12.2025,69040,3,NL,2,6,8,7,7,5,10.0,5,6,0
ESS10e03_3,02.12.2025,69081,7,NL,1,9,10,6,9,9,7.5,5,7,7
ESS10e03_3,02.12.2025,69100,2,NL,2,7,9,8,8,9,7.5,3,7,0
ESS10e03_3,02.12.2025,69108,1,NL,2,8,9,6,7,7,2.5,7,7,8
ESS10e03_3,02.12.2025,69110,5,NL,1,7,7,5,8,7,5.0,4,6,4
ESS10e03_3,02.12.2025,69111,4,NL,2,8,8,7,9,9,5.0,6,7,0
ESS10e03_3,02.12.2025,69112,5,NL,2,7,8,6,7,7,7.5,7,5,9
ESS10e03_3,02.12.2025,69122,5,NL,2,6,1,6,9,9,10.0,2,10,3
ESS10e03_3,02.12.2025,69123,3,NL,1,9,8,6,8,8,5.0,4,8,1
ESS10e03_3,02.12.2025,69161,1,NL,1,7,8,7,6,7,10.0,,7,6
ESS10e03_3,02.12.2025,69189,5,NL,1,9,9,6,9,8,2.5,5,5,10
ESS10e03_3,02.12.2025,69191,7,NL,1,5,8,5,8,8,7.5,10,6,8
ESS10e03_3,02.12.2025,69196,7,NL,2,6,6,5,7,8,10.0,5,7,7
ESS10e03_3,02.12.2025,69229,5,NL,1,9,8,7,9,6,7.5,5,4,5
ESS10e03_3,02.12.2025,69234,5,NL,2,7,7,6,8,9,7.5,3,6,0
ESS10e03_3,02.12.2025,69245,3,NL,1,5,2,0,5,0,7.5,5,5,3
ESS10e03_3,02.12.2025,69260,4,NL,1,6,7,5,6,8,5.0,4,7,6
ESS10e03_3,02.12.2025,69271,5,NL,1,9,7,6,9,6,10.0,3,8,1
ESS10e03_3,02.12.2025,69347,3,NL,1,3,5,2,6,5,7.5,7,5,5
ESS10e03_3,02.12.2025,69392,5,NL,2,7,8,6,7,0,7.5,5,6,9
ESS10e03_3,02.12.2025,69414,7,NL,2,5,7,7,6,5,5.0,6,5,7
ESS10e03_3,02.12.2025,69423,7,NL,2,7,8,6,7,7,10.0,4,,0
ESS10e03_3,02.12.2025,69448,7,NL,2,8,5,4,7,7,5.0,5,6,7
ESS10e03_3,02.12.2025,69463,5,NL,1,7,5,3,5,4,5.0,6,7,2
ESS10e03_3,02.12.2025,69484,3,NL,1,8,8,7,9,4,7.5,4,4,0
ESS10e03_3,02.12.2025,69500,4,NL,1,4,6,2,9,9,7.5,3,6,2
ESS10e03_3,02.12.2025,69526,2,NL,2,7,8,6,8,7,7.5,6,,6
ESS10e03_3,02.12.2025,69527,4,NL,2,9,7,7,8,7,7.5,3,7,10
ESS10e03_3,02.12.2025,69528,2,NL,1,3,5,2,3,5,2.5,5,6,10
ESS10e03_3,02.12.2025,69550,3,NL,1,6,7,5,7,6,7.5,5,5,1
ESS10e03_3,02.12.2025,69562,4,NL,2,9,8,7,9,8,10.0,2,9,2
ESS10e03_3,02.12.2025,69563,1,NL,2,5,4,4,0,6,7.5,8,7,10
ESS10e03_3,02.12.2025,69573,5,NL,1,5,9,8,6,2,10.0,,8,1
ESS10e03_3,02.12.2025,69574,4,NL,1,9,9,7,8,7,10.0,2,6,8
ESS10e03_3,02.12.2025,69620,4,NL,2,8,9,6,7,7,7.5,1,9,0
ESS10e03_3,02.12.2025,69622,2,NL,1,5,6,3,4,7,2.5,7,5,9
ESS10e03_3,02.12.2025,69630,5,NL,2,4,8,1,9,8,7.5,4,7,5
ESS10e03_3,02.12.2025,69641,4,NL,2,8,9,6,7,7,7.5,5,5,10
ESS10e03_3,02.12.2025,69642,2,NL,2,6,7,5,7,5,2.5,8,7,6
ESS10e03_3,02.12.2025,69656,2,NL,2,8,4,2,6,7,7.5,2,8,8
ESS10e03_3,02.12.2025,69718,1,NL,2,9,6,7,10,8,5.0,3,5,2
ESS10e03_3,02.12.2025,69747,4,NL,1,8,9,6,10,8,2.5,9,5,0
ESS10e03_3,02.12.2025,69758,6,NL,2,6,6,5,5,8,7.5,1,,5
ESS10e03_3,02.12.2025,69759,3,NL,2,4,2,0,5,8,10.0,5,8,8
ESS10e03_3,02.12.2025,69770,4,NL,1,3,5,0,6,6,2.5,8,3,1
ESS10e03_3,02.12.2025,69777,5,NL,2,7,7,6,7,8,5.0,5,5,0
ESS10e03_3,02.12.2025,69795,2,NL,2,9,10,9,10,6,7.5,5,8,10
ESS10e03_3,02.12.2025,69817,1,NL,1,8,8,9,9,7,10.0,6,5,1
ESS10e03_3,02.12.2025,69819,7,NL,1,8,10,8,9,10,10.0,9,7,9
ESS10e03_3,02.12.2025,69822,3,NL,1,10,7,5,10,8,7.5,5,8,0
ESS10e03_3,02.12.2025,69833,5,NL,1,3,4,2,2,1,10.0,5,6,2
ESS10e03_3,02.12.2025,69844,5,NL,2,6,7,3,8,3,7.5,0,8,0
ESS10e03_3,02.12.2025,69854,2,NL,2,2,6,0,6,10,7.5,3,4,7
ESS10e03_3,02.12.2025,69860,1,NL,2,9,9,6,10,8,5.0,4,6,1
ESS10e03_3,02.12.2025,69879,6,NL,2,8,8,6,8,8,10.0,7,5,0
ESS10e03_3,02.12.2025,69916,3,NL,2,7,8,5,6,10,10.0,5,,8
ESS10e03_3,02.12.2025,69918,7,NL,2,8,9,8,8,5,5.0,9,8,0
ESS10e03_3,02.12.2025,69937,2,NL,1,6,7,1,8,7,7.5,5,6,0
ESS10e03_3,02.12.2025,69963,2,NL,2,9,10,7,9,8,7.5,7,8,9
ESS10e03_3,02.12.2025,69986,5,NL,1,7,8,3,8,5,7.5,10,6,8
ESS10e03_3,02.12.2025,69993,1,NL,2,9,8,6,8,8,10.0,2,8,5
ESS10e03_3,02.12.2025,70048,2,NL,1,10,8,7,9,7,5.0,8,6,5
ESS10e03_3,02.12.2025,70084,4,NL,1,8,9,5,7,2,2.5,7,4,2
ESS10e03_3,02.12.2025,70087,6,NL,2,7,8,6,8,8,7.5,7,5,6
ESS10e03_3,02.12.2025,70108,7,NL,2,6,7,6,8,7,10.0,5,5,7
ESS10e03_3,02.12.2025,70148,4,NL,2,6,6,5,5,7,7.5,3,6,9
ESS10e03_3,02.12.2025,70156,2,NL,1,9,7,6,9,7,7.5,7,6,1
ESS10e03_3,02.12.2025,70166,1,NL,1,9,7,7,9,6,10.0,3,7,5
ESS10e03_3,02.12.2025,70245,3,NL,2,,6,4,9,5,2.5,4,4,5
ESS10e03_3,02.12.2025,70359,6,NL,2,8,8,7,8,8,0.0,8,7,0
ESS10e03_3,02.12.2025,70366,5,NL,2,0,3,0,3,0,7.5,5,9,6
ESS10e03_3,02.12.2025,70384,1,NL,1,6,8,3,5,8,7.5,6,9,3
ESS10e03_3,02.12.2025,70409,2,NL,1,7,9,5,4,10,7.5,5,5,9
ESS10e03_3,02.12.2025,70431,2,NL,2,4,8,3,7,8,,5,5,8
ESS10e03_3,02.12.2025,70434,3,NL,1,8,5,6,4,7,10.0,4,5,6
ESS10e03_3,02.12.2025,70452,1,NL,2,5,7,5,6,6,5.0,6,6,7
ESS10e03_3,02.12.2025,70464,2,NL,1,6,7,2,9,6,10.0,8,7,2
ESS10e03_3,02.12.2025,70470,3,NL,2,8,9,3,9,7,2.5,4,5,1
ESS10e03_3,02.12.2025,70481,5,NL,1,3,7,7,7,4,5.0,5,6,5
ESS10e03_3,02.12.2025,70533,7,NL,2,0,9,4,9,8,7.5,5,6,7
ESS10e03_3,02.12.2025,70551,5,NL,1,6,5,7,8,7,2.5,5,7,5
ESS10e03_3,02.12.2025,70554,3,NL,2,9,8,6,9,6,7.5,1,8,4
ESS10e03_3,02.12.2025,70570,6,NL,1,10,8,6,7,7,10.0,4,6,3
ESS10e03_3,02.12.2025,70598,6,NL,1,7,9,6,7,6,7.5,7,5,10
ESS10e03_3,02.12.2025,70642,4,NL,2,4,3,10,5,2,7.5,5,8,8
ESS10e03_3,02.12.2025,70700,6,NL,2,8,8,7,8,8,7.5,6,5,6
ESS10e03_3,02.12.2025,70706,3,NL,2,7,8,7,8,4,5.0,7,7,3
ESS10e03_3,02.12.2025,70720,4,NL,2,0,7,6,5,8,5.0,,8,7
ESS10e03_3,02.12.2025,70758,3,NL,2,5,6,3,4,7,5.0,5,5,10
ESS10e03_3,02.12.2025,70799,3,NL,2,9,9,8,7,6,7.5,6,8,2
ESS10e03_3,02.12.2025,70801,4,NL,2,7,8,5,7,6,5.0,6,5,3
ESS10e03_3,02.12.2025,70822,7,NL,1,4,6,5,8,6,7.5,5,8,6
ESS10e03_3,02.12.2025,70834,7,NL,1,8,,3,9,8,10.0,,,9
ESS10e03_3,02.12.2025,70910,5,NL,1,7,7,6,7,8,10.0,3,5,0
ESS10e03_3,02.12.2025,70930,1,NL,1,7,8,7,7,4,7.5,5,5,1
ESS10e03_3,02.12.2025,70943,1,NL,1,9,8,4,9,6,10.0,7,3,3
ESS10e03_3,02.12.2025,71026,2,NL,2,6,7,5,8,7,7.5,6,5,5
ESS10e03_3,02.12.2025,71037,5,NL,1,8,8,6,8,6,5.0,7,7,6
ESS10e03_3,02.12.2025,71155,5,NL,2,7,7,7,7,8,10.0,2,7,7
ESS10e03_3,02.12.2025,71183,3,NL,2,7,7,7,9,9,5.0,5,6,10
ESS10e03_3,02.12.2025,71206,1,NL,1,5,0,0,5,5,10.0,5,10,7
ESS10e03_3,02.12.2025,71210,4,NL,2,8,8,7,9,7,2.5,,7,0
ESS10e03_3,02.12.2025,71239,7,NL,2,4,9,5,8,9,7.5,5,4,8
ESS10e03_3,02.12.2025,71254,3,NL,2,9,9,8,10,8,7.5,2,7,6
ESS10e03_3,02.12.2025,71311,2,NL,1,0,5,0,4,10,10.0,5,5,10
ESS10e03_3,02.12.2025,71317,1,NL,2,6,8,2,8,7,5.0,,7,10
ESS10e03_3,02.12.2025,71324,6,NL,2,5,4,5,7,7,5.0,5,4,5
ESS10e03_3,02.12.2025,71334,5,NL,2,2,2,6,7,7,7.5,4,7,9
ESS10e03_3,02.12.2025,71378,4,NL,1,8,8,4,10,7,7.5,3,3,0
ESS10e03_3,02.12.2025,71416,7,NL,1,6,6,5,8,6,10.0,2,5,0
ESS10e03_3,02.12.2025,71424,6,NL,1,7,9,6,7,10,10.0,4,5,8
ESS10e03_3,02.12.2025,71444,3,NL,1,10,10,8,10,7,7.5,3,10,8
ESS10e03_3,02.12.2025,71476,3,NL,1,8,10,8,7,5,7.5,5,9,10
ESS10e03_3,02.12.2025,71489,4,NL,1,5,7,3,8,6,0.0,8,5,5
ESS10e03_3,02.12.2025,71529,4,NL,1,9,9,8,8,8,10.0,5,8,9
ESS10e03_3,02.12.2025,71548,2,NL,2,2,5,3,7,7,7.5,5,5,0
ESS10e03_3,02.12.2025,71586,5,NL,1,6,6,2,,5,5.0,7,5,1
ESS10e03_3,02.12.2025,71626,6,NL,1,6,0,0,6,5,10.0,6,,10
ESS10e03_3,02.12.2025,71629,6,NL,1,7,8,3,2,5,2.5,8,8,6
ESS10e03_3,02.12.2025,71640,4,NL,1,10,10,9,9,3,5.0,6,6,9
ESS10e03_3,02.12.2025,71654,5,NL,1,5,8,6,9,7,7.5,7,7,6
ESS10e03_3,02.12.2025,71702,1,NL,2,6,8,7,8,2,5.0,6,4,2
ESS10e03_3,02.12.2025,71730,3,NL,1,6,7,1,5,7,10.0,5,7,0
ESS10e03_3,02.12.2025,71764,5,NL,2,5,6,2,5,7,7.5,1,5,7
ESS10e03_3,02.12.2025,71800,1,NL,2,8,8,6,9,6,2.5,7,7,0
ESS10e03_3,02.12.2025,71806,7,NL,1,10,0,0,10,10,10.0,10,8,0
ESS10e03_3,02.12.2025,71827,5,NL,2,8,8,7,9,9,7.5,1,7,7
ESS10e03_3,02.12.2025,71835,3,NL,1,6,7,5,7,7,10.0,6,2,6
ESS10e03_3,02.12.2025,71847,1,NL,2,7,5,7,10,7,10.0,0,6,1
ESS10e03_3,02.12.2025,71853,6,NL,2,7,8,7,7,7,7.5,3,7,7
ESS10e03_3,02.12.2025,71866,2,NL,2,7,9,6,8,6,2.5,6,4,9
ESS10e03_3,02.12.2025,71879,3,NL,1,7,8,7,8,8,7.5,7,7,7
ESS10e03_3,02.12.2025,71901,7,NL,2,10,10,6,9,0,7.5,5,,5
ESS10e03_3,02.12.2025,71933,4,NL,1,8,7,5,7,6,5.0,7,6,0
ESS10e03_3,02.12.2025,71938,5,NL,2,8,9,6,8,9,5.0,5,5,8
ESS10e03_3,02.12.2025,71971,5,NL,2,4,7,0,5,3,5.0,5,5,8
ESS10e03_3,02.12.2025,72125,3,NL,2,7,7,5,8,8,5.0,6,3,3
ESS10e03_3,02.12.2025,72130,4,NL,1,8,8,5,9,7,10.0,4,4,0
ESS10e03_3,02.12.2025,72163,2,NL,2,7,8,6,9,3,7.5,2,6,0
ESS10e03_3,02.12.2025,72170,6,NL,1,7,7,6,8,4,5.0,8,4,1
ESS10e03_3,02.12.2025,72176,5,NL,1,10,8,8,10,8,7.5,8,7,5
ESS10e03_3,02.12.2025,72255,5,NL,1,7,8,6,6,8,7.5,5,8,8
ESS10e03_3,02.12.2025,72263,5,NL,1,6,8,2,8,8,10.0,3,5,0
ESS10e03_3,02.12.2025,72274,2,NL,2,6,8,6,8,4,2.5,8,6,5
ESS10e03_3,02.12.2025,72277,2,NL,1,6,7,6,7,4,5.0,5,,10
ESS10e03_3,02.12.2025,72304,3,NL,1,8,8,4,9,7,7.5,4,5,1
ESS10e03_3,02.12.2025,72351,4,NL,1,9,9,7,8,8,2.5,4,6,0
ESS10e03_3,02.12.2025,72382,4,NL,1,10,8,5,8,8,10.0,0,10,0
ESS10e03_3,02.12.2025,72407,3,NL,1,2,4,0,6,7,5.0,9,1,2
ESS10e03_3,02.12.2025,72424,5,NL,1,8,7,6,9,7,2.5,7,6,10
ESS10e03_3,02.12.2025,72431,5,NL,1,8,7,7,8,8,7.5,6,8,0
ESS10e03_3,02.12.2025,72436,7,NL,1,5,6,5,6,7,10.0,0,5,0
ESS10e03_3,02.12.2025,72470,6,NL,2,5,6,6,7,6,5.0,6,6,5
ESS10e03_3,02.12.2025,72475,2,NL,1,7,8,5,8,7,10.0,3,5,0
ESS10e03_3,02.12.2025,72573,1,NL,1,9,7,7,7,0,2.5,9,6,7
ESS10e03_3,02.12.2025,72596,3,NL,2,8,7,6,7,8,2.5,4,5,0
ESS10e03_3,02.12.2025,72599,2,NL,2,9,7,7,8,10,7.5,4,5,5
ESS10e03_3,02.12.2025,72608,3,NL,1,9,7,6,9,6,7.5,3,5,0
ESS10e03_3,02.12.2025,72633,2,NL,1,9,6,4,8,8,7.5,7,4,3
ESS10e03_3,02.12.2025,72667,6,NL,1,7,7,8,9,8,10.0,5,8,7
ESS10e03_3,02.12.2025,72699,3,NL,1,7,7,6,7,8,7.5,3,6,0
ESS10e03_3,02.12.2025,72715,3,NL,1,8,8,7,9,6,7.5,6,5,1
ESS10e03_3,02.12.2025,72743,2,NL,1,8,9,7,10,8,5.0,5,9,0
ESS10e03_3,02.12.2025,72778,2,NL,2,7,8,6,7,7,7.5,4,7,9
ESS10e03_3,02.12.2025,72783,4,NL,2,3,6,2,7,8,5.0,4,8,0
ESS10e03_3,02.12.2025,72829,1,NL,1,8,6,5,7,7,10.0,3,9,0
ESS10e03_3,02.12.2025,72830,7,NL,2,5,5,3,6,4,10.0,10,5,10
ESS10e03_3,02.12.2025,72869,2,NL,2,6,3,5,7,7,7.5,4,7,9
ESS10e03_3,02.12.2025,72961,5,NL,2,5,6,3,6,5,5.0,5,5,0
ESS10e03_3,02.12.2025,72989,4,NL,2,8,7,7,0,8,2.5,5,7,10
ESS10e03_3,02.12.2025,73056,3,NL,2,7,8,0,8,6,7.5,5,5,7
ESS10e03_3,02.12.2025,73058,7,NL,1,7,5,6,8,8,10.0,3,7,3
ESS10e03_3,02.12.2025,73074,4,NL,1,8,8,7,8,7,10.0,5,5,6
ESS10e03_3,02.12.2025,73082,3,NL,1,6,7,4,8,7,2.5,7,5,0
ESS10e03_3,02.12.2025,73083,5,NL,2,7,7,6,7,7,7.5,4,7,7
ESS10e03_3,02.12.2025,73085,6,NL,2,8,8,8,8,8,7.5,1,8,8
ESS10e03_3,02.12.2025,73104,2,NL,2,6,7,5,7,7,2.5,7,3,3
ESS10e03_3,02.12.2025,73126,3,NL,2,8,9,6,8,7,2.5,4,8,1
ESS10e03_3,02.12.2025,73155,2,NL,2,9,9,9,9,8,10.0,1,8,8
ESS10e03_3,02.12.2025,73162,2,NL,1,7,8,6,8,5,5.0,7,7,1
ESS10e03_3,02.12.2025,73169,2,NL,1,8,9,7,8,9,7.5,5,5,7
ESS10e03_3,02.12.2025,73180,5,NL,1,8,9,7,7,8,5.0,8,8,5
ESS10e03_3,02.12.2025,73235,4,NL,1,8,7,7,7,8,5.0,8,6,9
ESS10e03_3,02.12.2025,73243,4,NL,2,8,4,2,9,5,2.5,1,7,9
ESS10e03_3,02.12.2025,73277,2,NL,2,7,8,6,9,7,5.0,7,5,3
ESS10e03_3,02.12.2025,73304,1,NL,2,6,7,6,7,6,10.0,2,8,4
ESS10e03_3,02.12.2025,73324,2,NL,2,7,9,6,5,5,7.5,6,9,10
ESS10e03_3,02.12.2025,73328,6,NL,1,4,5,0,7,4,7.5,5,0,0
ESS10e03_3,02.12.2025,73367,2,NL,1,7,7,6,8,6,7.5,5,5,7
ESS10e03_3,02.12.2025,73399,6,NL,1,9,8,7,8,7,7.5,3,7,7
ESS10e03_3,02.12.2025,73402,1,NL,1,8,9,7,4,3,7.5,5,7,7
ESS10e03_3,02.12.2025,73492,7,NL,1,8,7,5,5,6,7.5,6,6,9
ESS10e03_3,02.12.2025,73515,2,NL,2,7,9,6,9,8,10.0,4,6,3
ESS10e03_3,02.12.2025,73557,2,NL,2,8,8,5,8,7,2.5,7,7,1
ESS10e03_3,02.12.2025,73559,4,NL,1,7,8,7,9,9,5.0,5,7,9
ESS10e03_3,02.12.2025,73636,7,NL,1,6,3,6,7,7,2.5,8,7,0
ESS10e03_3,02.12.2025,73637,2,NL,1,8,9,7,10,6,5.0,5,7,2
ESS10e03_3,02.12.2025,73638,5,NL,1,2,2,0,,7,10.0,5,8,0
ESS10e03_3,02.12.2025,73674,7,NL,1,8,8,6,7,4,7.5,5,6,10
ESS10e03_3,02.12.2025,73692,7,NL,1,6,8,6,8,8,10.0,7,6,7
ESS10e03_3,02.12.2025,73709,6,NL,1,8,8,7,8,8,10.0,3,8,10
ESS10e03_3,02.12.2025,73719,4,NL,2,8,8,6,9,7,10.0,3,7,0
ESS10e03_3,02.12.2025,73752,5,NL,2,8,8,6,8,8,2.5,5,9,0
ESS10e03_3,02.12.2025,73754,5,NL,2,,8,10,,6,10.0,,7,6
ESS10e03_3,02.12.2025,73812,5,NL,1,8,8,5,7,8,7.5,8,4,7
ESS10e03_3,02.12.2025,73822,2,NL,2,5,9,7,10,5,10.0,5,8,3
ESS10e03_3,02.12.2025,73854,7,NL,1,8,7,7,7,5,7.5,,5,6
ESS10e03_3,02.12.2025,73856,5,NL,2,8,8,5,9,8,7.5,4,6,2
ESS10e03_3,02.12.2025,73868,2,NL,2,0,3,0,2,6,2.5,,3,0
ESS10e03_3,02.12.2025,73925,4,NL,1,8,9,4,8,6,5.0,7,6,8
ESS10e03_3,02.12.2025,73968,7,NL,2,2,7,7,7,8,10.0,6,6,7
ESS10e03_3,02.12.2025,74019,2,NL,2,7,7,5,8,6,7.5,3,5,3
ESS10e03_3,02.12.2025,74078,6,NL,1,7,7,7,8,5,7.5,3,5,5
ESS10e03_3,02.12.2025,74105,5,NL,2,8,8,6,7,7,7.5,3,7,7
ESS10e03_3,02.12.2025,74136,3,NL,1,3,6,0,7,4,7.5,5,4,5
ESS10e03_3,02.12.2025,74145,1,NL,2,6,6,5,6,8,10.0,5,5,7
ESS10e03_3,02.12.2025,74189,7,NL,2,6,7,6,7,8,7.5,,5,7
ESS10e03_3,02.12.2025,74228,2,NL,1,4,4,2,5,7,5.0,7,7,8
ESS10e03_3,02.12.2025,74279,2,NL,2,8,8,6,9,8,7.5,2,,2
ESS10e03_3,02.12.2025,74333,7,NL,1,9,8,7,8,7,7.5,8,7,0
ESS10e03_3,02.12.2025,74336,4,NL,2,10,10,10,10,10,7.5,8,10,7
ESS10e03_3,02.12.2025,74399,7,NL,2,7,7,5,7,5,10.0,7,5,5
ESS10e03_3,02.12.2025,74401,7,NL,1,7,7,6,6,7,10.0,6,6,7
ESS10e03_3,02.12.2025,74404,6,NL,1,4,5,6,7,2,7.5,5,5,10
ESS10e03_3,02.12.2025,74411,2,NL,2,8,8,5,8,8,10.0,4,5,0
ESS10e03_3,02.12.2025,74441,2,NL,2,8,8,7,8,8,7.5,1,5,0
ESS10e03_3,02.12.2025,74467,7,NL,2,4,7,4,7,6,5.0,5,4,4
ESS10e03_3,02.12.2025,74470,4,NL,1,5,4,3,10,4,10.0,10,7,6
ESS10e03_3,02.12.2025,74473,4,NL,1,4,6,5,7,7,7.5,5,5,3
ESS10e03_3,02.12.2025,74493,6,NL,2,6,7,6,5,6,7.5,6,6,5
ESS10e03_3,02.12.2025,74496,3,NL,2,9,9,7,10,7,2.5,7,5,0
ESS10e03_3,02.12.2025,74514,6,NL,2,6,7,6,7,3,7.5,5,6,7
ESS10e03_3,02.12.2025,74562,6,NL,1,6,5,4,5,8,10.0,3,7,3
ESS10e03_3,02.12.2025,74639,4,NL,2,6,7,5,6,7,7.5,6,5,7
ESS10e03_3,02.12.2025,74643,2,NL,2,8,7,7,8,6,5.0,8,4,5
ESS10e03_3,02.12.2025,74644,2,NL,1,9,8,7,8,6,5.0,7,7,0
ESS10e03_3,02.12.2025,74669,3,NL,2,4,6,6,,6,7.5,5,7,7
ESS10e03_3,02.12.2025,74680,7,NL,1,9,6,6,9,8,7.5,6,6,0
ESS10e03_3,02.12.2025,74757,6,NL,1,6,7,6,9,7,7.5,7,6,8
ESS10e03_3,02.12.2025,74768,7,NL,1,6,7,6,7,8,10.0,6,6,8
ESS10e03_3,02.12.2025,74771,7,NL,2,3,7,7,7,8,7.5,,2,5
ESS10e03_3,02.12.2025,74789,1,NL,2,8,10,3,9,7,5.0,3,6,10
ESS10e03_3,02.12.2025,74801,7,NL,1,6,8,5,8,6,5.0,6,5,0
ESS10e03_3,02.12.2025,74802,3,NL,2,5,7,4,6,7,0.0,,2,10
ESS10e03_3,02.12.2025,74810,7,NL,1,8,8,7,8,5,7.5,5,6,0
ESS10e03_3,02.12.2025,74852,6,NL,1,4,3,5,7,8,7.5,6,5,0
ESS10e03_3,02.12.2025,74866,1,NL,1,6,7,4,7,3,2.5,7,3,5
ESS10e03_3,02.12.2025,74894,6,NL,2,8,6,5,8,7,10.0,1,6,4
ESS10e03_3,02.12.2025,74916,6,NL,1,6,6,5,7,8,10.0,2,5,8
ESS10e03_3,02.12.2025,74989,2,NL,2,5,7,5,7,7,7.5,5,7,5
ESS10e03_3,02.12.2025,74993,2,NL,1,8,7,5,7,5,7.5,8,4,3
ESS10e03_3,02.12.2025,75035,5,NL,2,6,5,2,4,7,5.0,5,5,2
ESS10e03_3,02.12.2025,75042,4,NL,2,7,8,6,8,8,5.0,5,5,6
ESS10e03_3,02.12.2025,75054,5,NL,2,5,6,4,7,7,5.0,5,8,8
ESS10e03_3,02.12.2025,75074,1,NL,1,8,5,6,8,5,5.0,8,3,0
ESS10e03_3,02.12.2025,75117,4,NL,1,8,5,4,7,7,10.0,5,5,5
ESS10e03_3,02.12.2025,75121,7,NL,1,8,9,7,7,8,7.5,6,7,7
ESS10e03_3,02.12.2025,75180,2,NL,1,7,7,6,8,8,5.0,2,10,2
ESS10e03_3,02.12.2025,75189,1,NL,2,7,8,6,6,6,2.5,5,5,2
ESS10e03_3,02.12.2025,75203,3,NL,2,7,7,6,7,7,7.5,5,7,6
ESS10e03_3,02.12.2025,75231,6,NL,1,8,7,6,9,7,10.0,3,8,0
ESS10e03_3,02.12.2025,75244,1,NL,1,5,7,3,6,3,5.0,8,9,6
ESS10e03_3,02.12.2025,75297,1,NL,2,8,6,6,8,7,10.0,4,5,1
ESS10e03_3,02.12.2025,75363,1,NL,1,8,10,4,7,5,2.5,7,3,3
ESS10e03_3,02.12.2025,75376,3,NL,2,8,9,7,9,6,2.5,8,6,5
ESS10e03_3,02.12.2025,75379,5,NL,1,8,8,6,9,10,7.5,2,6,9
ESS10e03_3,02.12.2025,75382,1,NL,2,,7,4,7,8,,,,1
ESS10e03_3,02.12.2025,75404,3,NL,2,7,8,4,7,9,10.0,0,7,0
ESS10e03_3,02.12.2025,75405,1,NL,2,7,8,6,8,7,5.0,,9,3
ESS10e03_3,02.12.2025,75432,4,NL,1,6,6,4,6,5,5.0,6,7,0
ESS10e03_3,02.12.2025,75438,7,NL,1,7,8,7,7,2,7.5,7,6,7
ESS10e03_3,02.12.2025,75440,1,NL,1,3,3,3,7,2,7.5,7,3,1
ESS10e03_3,02.12.2025,75454,4,NL,1,9,8,7,9,7,10.0,2,6,1
ESS10e03_3,02.12.2025,75465,4,NL,2,8,8,5,8,9,10.0,2,7,7
ESS10e03_3,02.12.2025,75472,6,NL,2,8,7,7,8,8,10.0,2,7,0
ESS10e03_3,02.12.2025,75496,7,NL,1,7,7,5,7,0,5.0,5,7,7
ESS10e03_3,02.12.2025,75504,5,NL,2,8,8,6,8,8,7.5,2,7,6
ESS10e03_3,02.12.2025,75527,3,NL,1,3,2,1,1,8,7.5,5,7,2
ESS10e03_3,02.12.2025,75561,4,NL,1,7,7,4,4,7,7.5,6,5,6
ESS10e03_3,02.12.2025,75610,2,NL,1,8,8,6,7,5,7.5,4,5,0
ESS10e03_3,02.12.2025,75620,5,NL,2,8,5,8,8,8,10.0,4,6,1
ESS10e03_3,02.12.2025,75645,6,NL,2,8,8,7,8,10,7.5,6,7,6
ESS10e03_3,02.12.2025,75649,3,NL,2,6,7,6,6,7,5.0,5,5,7
ESS10e03_3,02.12.2025,75668,1,NL,1,8,7,6,7,6,5.0,,5,6
ESS10e03_3,02.12.2025,75740,6,NL,2,7,9,5,7,5,2.5,9,3,3
ESS10e03_3,02.12.2025,75749,7,NL,1,8,8,7,,7,2.5,7,,6
ESS10e03_3,02.12.2025,75771,3,NL,1,8,7,7,7,5,5.0,5,7,5
ESS10e03_3,02.12.2025,75820,5,NL,1,5,9,3,8,9,10.0,2,8,8
ESS10e03_3,02.12.2025,75871,7,NL,2,7,8,8,9,9,10.0,5,7,7
ESS10e03_3,02.12.2025,75898,5,NL,1,10,8,5,9,8,7.5,4,5,0
ESS10e03_3,02.12.2025,75907,5,NL,1,7,8,8,8,7,7.5,6,7,7
ESS10e03_3,02.12.2025,75973,6,NL,2,2,8,2,5,5,10.0,2,8,0
ESS10e03_3,02.12.2025,76002,6,NL,1,7,9,4,9,8,5.0,6,8,7
ESS10e03_3,02.12.2025,76005,5,NL,2,4,1,10,5,7,7.5,5,1,6
ESS10e03_3,02.12.2025,76009,3,NL,2,9,8,7,9,8,7.5,3,8,3
ESS10e03_3,02.12.2025,76040,6,NL,1,7,8,6,8,8,10.0,3,8,0
ESS10e03_3,02.12.2025,76053,6,NL,1,8,8,7,8,8,7.5,8,6,7
ESS10e03_3,02.12.2025,76101,7,NL,1,6,7,6,7,6,7.5,8,4,5
ESS10e03_3,02.12.2025,76103,6,NL,2,6,7,1,6,8,5.0,5,,7
ESS10e03_3,02.12.2025,76118,4,NL,1,6,7,3,7,6,7.5,5,8,7
ESS10e03_3,02.12.2025,76128,4,NL,1,9,9,7,6,8,7.5,7,3,2
ESS10e03_3,02.12.2025,76143,1,NL,2,8,8,,7,6,7.5,4,7,8
ESS10e03_3,02.12.2025,76147,1,NL,2,6,5,6,7,7,5.0,4,5,1
ESS10e03_3,02.12.2025,76151,2,NL,2,7,7,6,7,7,,5,,7
ESS10e03_3,02.12.2025,76152,2,NL,2,4,5,4,9,9,10.0,0,5,10
ESS10e03_3,02.12.2025,76154,3,NL,1,8,7,4,8,7,7.5,5,6,0
ESS10e03_3,02.12.2025,76155,6,NL,1,6,5,4,7,8,5.0,8,5,3
ESS10e03_3,02.12.2025,76169,5,NL,1,9,9,7,9,8,7.5,6,6,2
ESS10e03_3,02.12.2025,76184,1,NL,1,7,7,3,7,3,2.5,8,5,1
ESS10e03_3,02.12.2025,76191,4,NL,2,8,5,2,8,6,10.0,,5,1
ESS10e03_3,02.12.2025,76205,2,NL,1,8,8,4,8,5,5.0,8,4,0
ESS10e03_3,02.12.2025,76402,6,NL,2,3,6,3,5,8,7.5,8,7,7
ESS10e03_3,02.12.2025,76410,6,NL,1,8,8,7,8,6,5.0,8,10,7
ESS10e03_3,02.12.2025,76448,6,NL,1,7,7,5,8,7,10.0,6,8,3
ESS10e03_3,02.12.2025,76452,5,NL,2,4,4,4,3,7,10.0,5,5,5
ESS10e03_3,02.12.2025,76462,5,NL,2,8,9,5,9,6,7.5,3,8,3
ESS10e03_3,02.12.2025,76589,1,NL,1,8,7,5,8,7,5.0,5,6,1
ESS10e03_3,02.12.2025,76685,2,NL,1,9,9,8,10,7,7.5,7,9,0
ESS10e03_3,02.12.2025,76696,6,NL,2,8,8,6,8,7,7.5,3,2,5
ESS10e03_3,02.12.2025,76713,6,NL,2,6,6,5,6,6,10.0,6,6,6
ESS10e03_3,02.12.2025,76726,2,NL,2,3,3,1,3,5,7.5,5,3,0
ESS10e03_3,02.12.2025,76727,1,NL,1,,7,6,7,4,5.0,8,4,0
ESS10e03_3,02.12.2025,76728,2,NL,1,7,7,4,7,5,7.5,5,3,0
ESS10e03_3,02.12.2025,76732,3,NL,1,6,7,0,8,9,0.0,9,2,4
ESS10e03_3,02.12.2025,76738,6,NL,1,8,8,6,9,8,10.0,2,5,8
ESS10e03_3,02.12.2025,76765,6,NL,2,4,3,3,7,7,2.5,8,3,0
ESS10e03_3,02.12.2025,76769,6,NL,1,9,9,7,9,8,2.5,8,5,10
ESS10e03_3,02.12.2025,76817,5,NL,1,8,9,5,9,7,7.5,5,6,1
ESS10e03_3,02.12.2025,76839,4,NL,2,6,7,1,5,7,7.5,5,7,5
ESS10e03_3,02.12.2025,76844,6,NL,1,9,9,7,9,8,10.0,2,9,0
ESS10e03_3,02.12.2025,76850,4,NL,1,8,8,6,8,7,5.0,8,8,7
ESS10e03_3,02.12.2025,76875,4,NL,1,5,9,6,6,4,0.0,5,0,0
ESS10e03_3,02.12.2025,76906,4,NL,2,8,9,5,9,8,7.5,3,5,0
ESS10e03_3,02.12.2025,76909,3,NL,2,8,8,5,8,7,7.5,6,7,0
ESS10e03_3,02.12.2025,76932,5,NL,2,3,4,3,2,7,7.5,8,7,5
ESS10e03_3,02.12.2025,76937,2,NL,2,9,8,3,7,7,10.0,5,9,7
ESS10e03_3,02.12.2025,76949,7,NL,1,9,8,6,6,8,10.0,2,8,0
ESS10e03_3,02.12.2025,76950,4,NL,2,5,6,6,6,8,5.0,6,6,5
ESS10e03_3,02.12.2025,76957,4,NL,2,8,8,7,7,7,7.5,4,7,0
ESS10e03_3,02.12.2025,76970,5,NL,1,6,7,7,5,8,7.5,7,5,8
ESS10e03_3,02.12.2025,76980,2,NL,2,8,7,7,7,7,2.5,8,5,6
ESS10e03_3,02.12.2025,76998,3,NL,2,6,6,2,7,6,7.5,2,6,2
ESS10e03_3,02.12.2025,77031,1,NL,1,9,7,6,9,7,7.5,8,6,3
ESS10e03_3,02.12.2025,77062,1,NL,2,6,9,5,7,6,5.0,,5,5
ESS10e03_3,02.12.2025,77068,6,NL,2,8,8,7,8,7,5.0,3,5,1
ESS10e03_3,02.12.2025,77072,5,NL,2,7,8,7,7,8,7.5,4,9,8
ESS10e03_3,02.12.2025,77078,4,NL,2,6,6,4,6,7,5.0,8,2,5
ESS10e03_3,02.12.2025,77087,4,NL,2,6,8,0,5,7,10.0,5,8,0
ESS10e03_3,02.12.2025,77107,6,NL,2,7,8,6,8,6,7.5,4,5,2
ESS10e03_3,02.12.2025,77127,2,NL,1,9,6,5,9,10,10.0,5,10,8
ESS10e03_3,02.12.2025,77152,2,NL,2,8,8,7,8,7,7.5,3,6,5
ESS10e03_3,02.12.2025,77159,6,NL,1,9,9,7,8,8,7.5,7,7,7
ESS10e03_3,02.12.2025,77162,3,NL,1,9,9,6,8,4,7.5,7,5,0
ESS10e03_3,02.12.2025,77184,6,NL,1,6,7,5,7,6,7.5,,7,7
ESS10e03_3,02.12.2025,77230,4,NL,1,2,1,3,5,0,5.0,7,3,5
ESS10e03_3,02.12.2025,77270,3,NL,1,8,8,7,7,7,7.5,7,6,2
ESS10e03_3,02.12.2025,77284,6,NL,1,8,8,4,8,5,2.5,7,5,2
ESS10e03_3,02.12.2025,77291,1,NL,1,9,6,1,6,0,0.0,8,5,0
ESS10e03_3,02.12.2025,77356,1,NL,2,7,7,6,8,6,7.5,8,5,1
ESS10e03_3,02.12.2025,77369,4,NL,2,9,8,4,,9,10.0,7,4,2
ESS10e03_3,02.12.2025,77409,4,NL,1,7,8,6,7,6,7.5,9,6,7
ESS10e03_3,02.12.2025,77417,4,NL,1,0,0,0,5,7,10.0,7,2,1
ESS10e03_3,02.12.2025,77435,2,NL,1,9,10,5,8,7,10.0,2,8,1
ESS10e03_3,02.12.2025,77447,5,NL,2,8,4,7,9,8,10.0,2,7,8
ESS10e03_3,02.12.2025,77484,4,NL,1,6,5,7,8,10,7.5,1,6,5
ESS10e03_3,02.12.2025,77488,5,NL,2,4,7,4,7,8,10.0,10,5,2
ESS10e03_3,02.12.2025,77502,2,NL,1,9,9,6,10,8,2.5,2,7,2
ESS10e03_3,02.12.2025,77561,7,NL,2,8,8,7,8,8,10.0,2,8,6
ESS10e03_3,02.12.2025,77593,3,NL,1,8,8,4,9,7,2.5,7,7,0
ESS10e03_3,02.12.2025,77601,3,NL,2,5,8,5,6,6,10.0,5,2,6
ESS10e03_3,02.12.2025,77633,6,NL,2,5,7,5,8,7,2.5,6,4,6
ESS10e03_3,02.12.2025,77651,3,NL,1,7,8,3,8,5,7.5,7,5,5
ESS10e03_3,02.12.2025,77676,6,NL,1,8,7,7,9,4,10.0,6,5,7
ESS10e03_3,02.12.2025,77710,5,NL,2,8,4,4,6,9,7.5,5,5,8
ESS10e03_3,02.12.2025,77732,4,NL,2,6,7,6,7,7,5.0,7,5,3
ESS10e03_3,02.12.2025,77746,3,NL,1,7,8,4,6,7,5.0,5,7,2
ESS10e03_3,02.12.2025,77756,4,NL,2,6,8,5,7,8,2.5,3,5,0
ESS10e03_3,02.12.2025,77846,6,NL,1,10,8,,10,5,10.0,2,5,0
ESS10e03_3,02.12.2025,77849,6,NL,2,8,8,7,8,8,7.5,4,,8
ESS10e03_3,02.12.2025,77868,4,NL,2,4,8,7,7,4,10.0,7,4,7
ESS10e03_3,02.12.2025,77874,1,NL,1,8,8,2,10,8,2.5,8,5,10
ESS10e03_3,02.12.2025,77909,3,NL,2,5,6,4,3,7,7.5,5,3,10
ESS10e03_3,02.12.2025,77926,7,NL,1,5,4,4,7,7,7.5,4,8,0
ESS10e03_3,02.12.2025,77943,7,NL,1,8,8,5,7,2,7.5,8,5,5
ESS10e03_3,02.12.2025,77955,5,NL,1,9,8,6,9,3,2.5,7,6,0
ESS10e03_3,02.12.2025,77974,7,NL,2,8,8,7,8,8,10.0,6,7,8
ESS10e03_3,02.12.2025,77983,5,NL,2,4,8,0,9,7,5.0,5,6,0
ESS10e03_3,02.12.2025,78003,6,NL,2,3,4,3,6,8,7.5,5,7,8
ESS10e03_3,02.12.2025,78014,6,NL,2,7,8,6,7,6,7.5,8,7,8
ESS10e03_3,02.12.2025,78024,4,NL,1,9,8,6,8,7,2.5,4,6,6
ESS10e03_3,02.12.2025,78040,6,NL,1,9,9,6,8,7,10.0,2,7,0
ESS10e03_3,02.12.2025,78041,6,NL,2,8,7,4,5,6,10.0,3,9,0
ESS10e03_3,02.12.2025,78051,4,NL,2,8,6,5,9,8,10.0,5,5,9
ESS10e03_3,02.12.2025,78065,5,NL,2,6,6,5,6,3,10.0,5,4,4
ESS10e03_3,02.12.2025,78097,3,NL,2,8,5,2,7,10,7.5,2,5,10
ESS10e03_3,02.12.2025,78128,5,NL,1,8,8,6,9,8,5.0,5,7,6
ESS10e03_3,02.12.2025,78172,6,NL,2,3,5,3,5,0,7.5,5,2,10
ESS10e03_3,02.12.2025,78181,3,NL,1,8,8,6,9,8,7.5,7,7,0
ESS10e03_3,02.12.2025,78276,3,NL,1,9,8,7,9,7,7.5,7,6,4
ESS10e03_3,02.12.2025,78287,4,NL,1,7,6,4,6,7,5.0,6,6,10
ESS10e03_3,02.12.2025,78297,4,NL,2,8,7,5,8,10,5.0,2,8,10
ESS10e03_3,02.12.2025,78353,6,NL,2,9,9,7,9,10,10.0,2,8,8
ESS10e03_3,02.12.2025,78368,5,NL,2,0,1,0,6,6,7.5,5,7,7
ESS10e03_3,02.12.2025,78369,3,NL,1,,,,,6,,,,0
ESS10e03_3,02.12.2025,78395,1,NL,1,8,10,6,9,5,2.5,7,7,2
ESS10e03_3,02.12.2025,78405,2,NL,2,6,8,6,8,8,5.0,5,4,9
ESS10e03_3,02.12.2025,78435,1,NL,1,7,7,7,9,7,5.0,6,7,4
ESS10e03_3,02.12.2025,78445,2,NL,2,6,8,6,8,7,2.5,7,4,8
ESS10e03_3,02.12.2025,78455,5,NL,1,10,5,5,1,1,7.5,,7,10
ESS10e03_3,02.12.2025,78459,5,NL,1,7,7,5,7,6,7.5,5,6,0
ESS10e03_3,02.12.2025,78523,3,NL,2,5,3,3,5,7,7.5,2,8,0
ESS10e03_3,02.12.2025,78543,4,NL,1,9,8,8,8,8,7.5,6,7,2
ESS10e03_3,02.12.2025,78558,2,NL,2,8,8,7,8,8,7.5,3,8,1
ESS10e03_3,02.12.2025,78573,4,NL,1,7,7,6,8,7,2.5,6,4,0
ESS10e03_3,02.12.2025,78578,6,NL,1,8,8,7,7,7,10.0,2,6,6
ESS10e03_3,02.12.2025,78583,3,NL,1,8,9,6,9,6,7.5,7,6,1
ESS10e03_3,02.12.2025,78610,6,NL,2,5,5,5,7,8,7.5,4,7,7
ESS10e03_3,02.12.2025,78616,4,NL,1,8,8,8,9,5,10.0,5,8,6
ESS10e03_3,02.12.2025,78645,3,NL,2,8,8,6,9,10,5.0,4,6,2
ESS10e03_3,02.12.2025,78673,6,NL,2,8,8,7,8,7,5.0,5,5,8
ESS10e03_3,02.12.2025,78683,6,NL,1,5,7,5,6,6,7.5,6,5,3
ESS10e03_3,02.12.2025,78724,2,NL,2,8,8,6,7,8,7.5,3,7,9
ESS10e03_3,02.12.2025,78744,3,NL,2,2,7,5,8,8,7.5,4,7,2
ESS10e03_3,02.12.2025,78748,4,NL,1,9,9,7,7,7,5.0,5,6,5
ESS10e03_3,02.12.2025,78749,2,NL,1,8,8,5,6,0,10.0,4,6,0
ESS10e03_3,02.12.2025,78760,4,NL,2,7,8,3,7,6,7.5,6,5,0
ESS10e03_3,02.12.2025,78806,1,NL,2,8,8,4,8,6,5.0,,10,2
ESS10e03_3,02.12.2025,78807,3,NL,2,7,6,7,8,7,7.5,4,6,4
ESS10e03_3,02.12.2025,78810,3,NL,2,6,8,3,5,6,7.5,,2,2
ESS10e03_3,02.12.2025,78821,5,NL,2,0,3,0,0,3,7.5,5,4,2
ESS10e03_3,02.12.2025,78828,5,NL,1,4,2,3,7,7,10.0,3,7,0
ESS10e03_3,02.12.2025,78842,4,NL,1,6,7,5,8,8,10.0,8,5,0
ESS10e03_3,02.12.2025,78889,3,NL,1,9,9,7,9,8,5.0,7,5,0
ESS10e03_3,02.12.2025,78918,4,NL,2,0,1,0,2,0,7.5,8,5,7
ESS10e03_3,02.12.2025,78920,2,NL,2,7,7,4,8,7,2.5,5,5,7
ESS10e03_3,02.12.2025,78929,6,NL,2,7,7,4,8,8,7.5,2,7,2
ESS10e03_3,02.12.2025,78932,6,NL,1,7,9,5,6,8,10.0,7,6,7
ESS10e03_3,02.12.2025,78944,5,NL,2,6,7,7,8,7,7.5,6,7,8
ESS10e03_3,02.12.2025,78956,4,NL,2,6,6,6,7,7,5.0,7,8,8
ESS10e03_3,02.12.2025,78957,2,NL,2,4,6,3,6,9,7.5,4,6,6
ESS10e03_3,02.12.2025,79030,6,NL,1,10,9,7,9,9,7.5,5,8,0
ESS10e03_3,02.12.2025,79074,3,NL,1,7,5,2,7,5,7.5,7,3,3
ESS10e03_3,02.12.2025,79083,6,NL,1,8,8,7,8,7,7.5,,7,6
ESS10e03_3,02.12.2025,79086,6,NL,2,4,5,3,7,7,2.5,8,1,7
ESS10e03_3,02.12.2025,79128,2,NL,1,8,6,6,8,6,2.5,8,3,6
ESS10e03_3,02.12.2025,79133,1,NL,2,4,7,7,6,7,7.5,7,9,1
ESS10e03_3,02.12.2025,79137,7,NL,2,7,8,7,8,3,5.0,3,3,4
ESS10e03_3,02.12.2025,79144,5,NL,2,6,6,7,8,4,0.0,5,2,8
ESS10e03_3,02.12.2025,79146,2,NL,1,9,9,4,8,6,2.5,8,5,2
ESS10e03_3,02.12.2025,79148,3,NL,1,8,10,6,8,3,5.0,7,5,3
ESS10e03_3,02.12.2025,79153,5,NL,1,7,7,5,6,6,7.5,7,5,5
ESS10e03_3,02.12.2025,79160,4,NL,2,8,8,7,9,10,7.5,3,8,0
ESS10e03_3,02.12.2025,79183,4,NL,1,6,7,5,7,8,5.0,8,0,0
ESS10e03_3,02.12.2025,79189,3,NL,2,4,4,1,6,8,7.5,8,5,10
ESS10e03_3,02.12.2025,79195,3,NL,2,6,8,4,7,7,5.0,7,7,6
ESS10e03_3,02.12.2025,79257,7,NL,1,9,6,4,7,8,2.5,3,7,0
ESS10e03_3,02.12.2025,79260,4,NL,2,8,7,7,8,8,10.0,4,,7
ESS10e03_3,02.12.2025,79269,6,NL,2,7,8,4,7,8,10.0,5,6,7
ESS10e03_3,02.12.2025,79288,1,NL,1,6,7,6,6,5,7.5,4,,6
ESS10e03_3,02.12.2025,79307,1,NL,1,8,6,6,9,8,7.5,3,7,3
ESS10e03_3,02.12.2025,79324,5,NL,1,9,8,6,8,5,2.5,5,5,7
ESS10e03_3,02.12.2025,79330,3,NL,1,7,7,4,7,7,7.5,4,6,9
ESS10e03_3,02.12.2025,79377,2,NL,1,8,9,7,9,5,7.5,6,8,7
ESS10e03_3,02.12.2025,79381,4,NL,2,9,10,7,9,10,10.0,0,,4
ESS10e03_3,02.12.2025,79385,3,NL,1,10,10,8,10,4,0.0,7,6,6
ESS10e03_3,02.12.2025,79412,4,NL,2,9,7,6,7,7,7.5,7,5,10
ESS10e03_3,02.12.2025,79483,1,NL,2,9,8,8,8,8,5.0,5,6,7
ESS10e03_3,02.12.2025,79503,6,NL,1,6,5,3,8,7,10.0,3,7,5
ESS10e03_3,02.12.2025,79519,4,NL,2,0,0,3,6,6,7.5,8,3,5
ESS10e03_3,02.12.2025,79531,6,NL,1,8,6,5,8,6,7.5,5,8,5
ESS10e03_3,02.12.2025,79532,2,NL,1,5,5,3,8,9,7.5,4,10,7
ESS10e03_3,02.12.2025,79552,7,NL,2,3,7,4,8,10,10.0,5,8,8
ESS10e03_3,02.12.2025,79556,4,NL,2,7,5,5,8,7,5.0,5,5,5
ESS10e03_3,02.12.2025,79567,4,NL,1,6,5,2,8,10,7.5,4,5,0
ESS10e03_3,02.12.2025,79587,4,NL,1,6,8,4,6,5,7.5,6,4,5
ESS10e03_3,02.12.2025,79598,3,NL,1,8,8,5,8,6,5.0,8,6,0
ESS10e03_3,02.12.2025,79605,2,NL,2,9,9,8,9,8,7.5,3,4,0
ESS10e03_3,02.12.2025,79616,4,NL,1,8,8,4,8,6,7.5,6,6,3
ESS10e03_3,02.12.2025,79627,3,NL,1,7,5,5,8,7,7.5,3,7,5
ESS10e03_3,02.12.2025,79659,6,NL,1,8,8,7,8,7,7.5,7,8,8
ESS10e03_3,02.12.2025,79660,6,NL,1,7,7,6,9,6,5.0,6,6,0
ESS10e03_3,02.12.2025,79727,3,NL,1,9,9,7,9,3,7.5,8,7,0
ESS10e03_3,02.12.2025,79737,1,NL,1,8,7,8,9,8,5.0,6,8,4
ESS10e03_3,02.12.2025,79763,7,NL,1,8,7,2,8,5,7.5,6,6,3
ESS10e03_3,02.12.2025,79777,4,NL,1,9,9,8,7,7,5.0,7,5,0
ESS10e03_3,02.12.2025,79801,6,NL,1,8,8,7,8,8,7.5,7,7,6
ESS10e03_3,02.12.2025,79803,4,NL,2,9,9,,8,9,10.0,2,9,3
ESS10e03_3,02.12.2025,79849,3,NL,1,5,7,5,7,8,2.5,7,5,0
ESS10e03_3,02.12.2025,79891,5,NL,2,10,9,8,8,8,7.5,1,7,0
ESS10e03_3,02.12.2025,79962,1,NL,1,9,9,6,8,2,,8,3,1
ESS10e03_3,02.12.2025,79968,5,NL,2,9,7,7,7,6,10.0,3,5,8
ESS10e03_3,02.12.2025,79996,3,NL,1,8,8,7,9,7,7.5,3,5,0
ESS10e03_3,02.12.2025,80011,3,NL,1,10,10,5,9,7,2.5,6,,0
ESS10e03_3,02.12.2025,80019,1,NL,2,7,7,7,9,10,10.0,2,6,1
ESS10e03_3,02.12.2025,80066,6,NL,2,7,6,6,8,7,7.5,5,5,6
ESS10e03_3,02.12.2025,80067,5,NL,2,6,6,5,5,7,7.5,5,4,4
ESS10e03_3,02.12.2025,80071,5,NL,2,8,8,7,8,7,5.0,5,7,0
ESS10e03_3,02.12.2025,80083,2,NL,1,5,7,2,8,9,10.0,0,7,0
ESS10e03_3,02.12.2025,80094,4,NL,1,9,9,7,8,8,5.0,5,8,6
ESS10e03_3,02.12.2025,80107,1,NL,2,7,8,6,8,5,7.5,6,8,3
ESS10e03_3,02.12.2025,80109,3,NL,2,6,6,1,7,7,2.5,5,5,3
ESS10e03_3,02.12.2025,80110,6,NL,1,4,8,3,7,7,10.0,8,6,4
ESS10e03_3,02.12.2025,80125,4,NL,2,9,9,8,9,8,5.0,3,8,1
ESS10e03_3,02.12.2025,80132,2,NL,1,7,7,2,7,7,5.0,7,5,0
ESS10e03_3,02.12.2025,80138,4,NL,2,7,8,4,8,9,10.0,3,10,0
ESS10e03_3,02.12.2025,80155,7,NL,2,6,8,3,7,7,10.0,,0,7
ESS10e03_3,02.12.2025,80286,5,NL,1,9,10,6,9,10,10.0,2,,0
ESS10e03_3,02.12.2025,80325,4,NL,2,7,6,7,8,8,,5,7,0
ESS10e03_3,02.12.2025,80338,1,NL,1,7,8,6,,2,10.0,10,5,0
ESS10e03_3,02.12.2025,80375,1,NL,1,7,7,4,5,6,7.5,5,5,3
ESS10e03_3,02.12.2025,80376,6,NL,1,6,7,7,6,3,5.0,6,6,6
ESS10e03_3,02.12.2025,80410,4,NL,2,9,9,8,8,8,2.5,6,5,7
ESS10e03_3,02.12.2025,80460,2,NL,1,8,8,8,8,7,5.0,5,8,9
ESS10e03_3,02.12.2025,80477,3,NL,1,8,8,5,8,9,,1,,1
ESS10e03_3,02.12.2025,80525,3,NL,1,7,8,3,7,7,2.5,5,8,5
ESS10e03_3,02.12.2025,80560,1,NL,2,7,7,6,8,7,5.0,7,5,6
ESS10e03_3,02.12.2025,80573,4,NL,1,8,8,4,7,6,5.0,5,4,4
ESS10e03_3,02.12.2025,80622,6,NL,2,4,7,7,7,8,7.5,1,8,8
ESS10e03_3,02.12.2025,80629,3,NL,1,8,8,4,9,7,7.5,8,6,0
ESS10e03_3,02.12.2025,80695,1,NL,1,9,6,6,9,4,7.5,4,7,1
ESS10e03_3,02.12.2025,80776,5,NL,2,7,8,6,5,9,7.5,3,5,8
ESS10e03_3,02.12.2025,80866,5,NL,2,9,9,8,8,7,5.0,7,8,7
ESS10e03_3,02.12.2025,80887,3,NL,1,9,9,7,8,7,2.5,8,7,7
ESS10e03_3,02.12.2025,80890,2,NL,2,8,8,6,8,9,7.5,3,7,7
ESS10e03_3,02.12.2025,80892,5,NL,1,8,9,1,9,10,10.0,5,5,8
ESS10e03_3,02.12.2025,80913,7,NL,1,8,8,9,9,7,7.5,2,7,7
ESS10e03_3,02.12.2025,80920,4,NL,2,5,8,6,7,7,2.5,2,3,0
ESS10e03_3,02.12.2025,80923,5,NL,2,6,7,5,8,8,7.5,2,8,0
ESS10e03_3,02.12.2025,80956,4,NL,1,10,9,8,10,7,7.5,3,7,0
ESS10e03_3,02.12.2025,80970,3,NL,2,5,4,5,8,5,7.5,4,5,9
ESS10e03_3,02.12.2025,80983,6,NL,1,0,7,0,6,1,10.0,10,0,10
ESS10e03_3,02.12.2025,80990,5,NL,1,6,6,4,8,6,10.0,8,4,4
ESS10e03_3,02.12.2025,81009,5,NL,1,10,8,7,8,8,7.5,8,4,6
ESS10e03_3,02.12.2025,81011,5,NL,2,8,8,7,8,10,10.0,5,7,0
ESS10e03_3,02.12.2025,81025,6,NL,1,5,8,6,6,8,0.0,5,6,1
ESS10e03_3,02.12.2025,81034,6,NL,1,8,7,7,7,8,10.0,2,5,5
ESS10e03_3,02.12.2025,81040,7,NL,1,8,8,5,8,6,7.5,7,7,8
ESS10e03_3,02.12.2025,81043,7,NL,1,4,4,3,4,0,5.0,8,4,10
ESS10e03_3,02.12.2025,81063,4,NL,2,7,8,6,,7,7.5,7,4,0
ESS10e03_3,02.12.2025,81093,5,NL,2,7,7,5,8,8,10.0,,7,10
ESS10e03_3,02.12.2025,81138,1,NL,1,5,8,6,5,8,5.0,5,6,4
ESS10e03_3,02.12.2025,81144,1,NL,2,8,9,7,9,2,5.0,5,7,10
ESS10e03_3,02.12.2025,81152,4,NL,2,5,7,6,3,7,2.5,6,5,1
ESS10e03_3,02.12.2025,81158,4,NL,1,7,8,6,8,7,5.0,3,,0
ESS10e03_3,02.12.2025,81166,5,NL,2,5,6,5,7,6,7.5,5,5,6
ESS10e03_3,02.12.2025,81192,5,NL,1,7,7,4,9,8,10.0,2,6,0
ESS10e03_3,02.12.2025,81203,2,NL,2,9,8,7,10,5,10.0,7,4,0
ESS10e03_3,02.12.2025,81221,6,NL,2,7,7,5,7,7,7.5,2,4,6
ESS10e03_3,02.12.2025,81271,2,NL,2,9,10,6,10,8,7.5,6,,6
ESS10e03_3,02.12.2025,81321,5,NL,2,8,8,7,8,10,10.0,0,10,0
ESS10e03_3,02.12.2025,81329,2,NL,2,5,7,5,7,5,10.0,4,5,4
ESS10e03_3,02.12.2025,81339,5,NL,1,10,10,10,10,10,10.0,9,10,10
ESS10e03_3,02.12.2025,81353,2,NL,1,5,9,2,9,9,7.5,5,5,0
ESS10e03_3,02.12.2025,81402,3,NL,1,8,9,7,9,7,7.5,5,8,0
ESS10e03_3,02.12.2025,81424,7,NL,1,7,7,6,7,6,10.0,3,6,0
ESS10e03_3,02.12.2025,81429,1,NL,2,8,8,6,7,7,5.0,6,5,6
ESS10e03_3,02.12.2025,81437,7,NL,2,8,8,7,8,7,7.5,3,9,7
ESS10e03_3,02.12.2025,81458,1,NL,2,7,9,6,3,0,7.5,7,2,0
ESS10e03_3,02.12.2025,81468,3,NL,1,8,9,7,9,7,5.0,7,6,8
ESS10e03_3,02.12.2025,81484,4,NL,2,7,8,3,,8,7.5,5,5,8
ESS10e03_3,02.12.2025,81536,7,NL,2,7,7,6,7,8,7.5,6,7,6
ESS10e03_3,02.12.2025,81604,6,NL,1,5,6,3,6,6,10.0,4,7,5
ESS10e03_3,02.12.2025,81618,3,NL,1,9,9,7,9,8,7.5,7,5,8
ESS10e03_3,02.12.2025,81634,6,NL,1,7,7,6,8,7,7.5,4,6,0
ESS10e03_3,02.12.2025,81655,1,NL,2,8,8,7,8,4,5.0,4,5,3
ESS10e03_3,02.12.2025,81657,6,NL,1,5,7,6,8,10,7.5,3,7,3
ESS10e03_3,02.12.2025,81659,3,NL,1,7,7,6,6,7,7.5,8,5,9
ESS10e03_3,02.12.2025,81681,5,NL,1,7,9,7,7,3,0.0,9,6,4
ESS10e03_3,02.12.2025,81692,4,NL,1,8,10,7,8,9,7.5,3,8,2
ESS10e03_3,02.12.2025,81713,6,NL,2,5,7,2,2,5,10.0,5,4,0
ESS10e03_3,02.12.2025,81730,3,NL,2,7,8,5,6,8,7.5,2,6,4
ESS10e03_3,02.12.2025,81836,7,NL,2,7,8,5,8,7,7.5,3,3,5
ESS10e03_3,02.12.2025,81857,4,NL,2,7,8,5,9,6,5.0,7,4,1
ESS10e03_3,02.12.2025,81859,4,NL,2,2,6,5,7,1,10.0,8,7,0
ESS10e03_3,02.12.2025,81864,4,NL,1,9,9,7,8,8,7.5,6,7,
ESS10e03_3,02.12.2025,81891,3,NL,2,5,7,2,7,7,5.0,8,3,0
ESS10e03_3,02.12.2025,81896,4,NL,1,8,8,6,9,7,10.0,7,8,2
ESS10e03_3,02.12.2025,81902,2,NL,1,8,7,8,9,4,7.5,5,,1
ESS10e03_3,02.12.2025,81903,4,NL,1,7,6,5,7,5,7.5,7,6,0
ESS10e03_3,02.12.2025,81932,2,NL,1,8,10,,10,9,10.0,2,10,0
ESS10e03_3,02.12.2025,82012,2,NL,2,8,7,7,9,8,2.5,8,6,5
ESS10e03_3,02.12.2025,82037,1,NL,2,6,5,5,6,6,7.5,6,6,4
ESS10e03_3,02.12.2025,82054,4,NL,2,8,8,8,8,9,7.5,3,8,3
ESS10e03_3,02.12.2025,82121,2,NL,2,7,10,4,5,6,10.0,5,5,6
ESS10e03_3,02.12.2025,82147,2,NL,2,7,5,7,5,8,5.0,7,5,2
ESS10e03_3,02.12.2025,82170,3,NL,1,9,7,7,10,10,10.0,3,8,0
